regWord,ipaWord,formality,formalityScore,totalSentenceCount
like,lajk,0,0.233579,3669
get,gɛt,0,0.197281,2722
know,no,0,0.201445,2492
people,pipəl,0,0.299831,1771
really,rɪli,0,0.108338,1763
want,want,0,0.14123,1756
think,θɪŋk,0,0.196831,1641
going,goɪŋ,0,0.200431,1392
got,gat,0,0.272334,1388
anyone,ɛniwən,0,0.067658,1345
something,səmθɪŋ,0,0.250196,1275
help,hɛlp,0,0.173876,1179
need,nid,0,0.216169,1138
feel,fil,0,0.12523,1086
find,fajnd,0,0.258824,1020
edit,ɛdət,0,0.00105374,949
things,θɪŋz,0,0.242842,943
anything,ɛniθɪŋ,0,0.212555,908
looking,lʊkɪŋ,0,0.139798,794
pretty,prɪti,0,0.0957854,783
sure,ʃʊr,0,0.259021,776
love,ləv,0,0.160105,762
thing,θɪŋ,0,0.292479,718
game,gem,0,0.103787,713
getting,gɛtɪŋ,0,0.180375,693
else,ɛls,0,0.163531,691
best,bɛst,0,0.280415,674
lot,lat,0,0.123696,671
friends,frɛndz,0,0.135053,659
week,wik,0,0.281447,636
someone,səmwən,0,0.0913386,635
guys,gajz,0,0.0177706,619
started,startəd,0,0.245875,606
try,traj,0,0.181661,578
start,start,0,0.184028,576
keep,kip,0,0.298951,572
ago,əgo,0,0.275492,559
friend,frɛnd,0,0.153005,549
thanks,θæŋks,0,0.0421245,546
maybe,mebi,0,0.196691,544
seems,simz,0,0.257885,539
everything,ɛvriθɪŋ,0,0.197026,538
idea,ajdiə,0,0.235849,530
trying,trajɪŋ,0,0.194231,520
job,dʒab,0,0.291506,518
post,post,0,0.0945946,518
months,mənθs,0,0.225549,501
please,pliz,0,0.0750507,493
live,lajv,0,0.211813,491
play,ple,0,0.255624,489
actually,æktʃəwəli,0,0.204918,488
able,ebəl,0,0.279412,476
bit,bɪt,0,0.144397,464
bad,bæd,0,0.209503,463
tried,trajd,0,0.25486,463
thinking,θɪŋkəŋ,0,0.203905,461
guy,gaj,0,0.0780911,461
free,fri,0,0.299781,457
hard,hard,0,0.298246,456
everyone,ɛvriwən,0,0.143488,453
read,rɛd,0,0.254005,437
using,juzɪŋ,0,0.231884,414
hours,awərz,0,0.27561,410
person,pərsən,0,0.258794,398
couple,kəpəl,0,0.206107,393
advice,ædvajs,0,0.0851064,376
makes,meks,0,0.296791,374
weeks,wiks,0,0.236559,372
talk,tɔk,0,0.286104,367
working,wərkɪŋ,0,0.229226,349
wrong,rɔŋ,0,0.252874,348
recently,risəntli,0,0.20977,348
relationship,rileʃənʃɪp,0,0.145401,337
ask,æsk,0,0.25816,337
decided,dəsajdəd,0,0.26506,332
stop,stap,0,0.285714,329
ideas,ajdiəz,0,0.287975,316
questions,kwɛstʃənz,0,0.298413,315
interested,ɪntrəstəd,0,0.185304,313
playing,pleɪŋ,0,0.192926,311
nice,najs,0,0.184466,309
talking,tɔkɪŋ,0,0.220779,308
sex,sɛks,0,0.189542,306
wondering,wəndərɪŋ,0,0.049505,303
running,rənɪŋ,0,0.247525,303
fun,fən,0,0.0827815,302
month,mənθ,0,0.23588,301
stuff,stəf,0,0.0568562,299
buy,baj,0,0.152542,295
games,gemz,0,0.119454,293
happy,hæpi,0,0.252595,289
suggestions,səgdʒɛstʃənz,0,0.0565371,283
completely,kəmplitli,0,0.263345,281
thank,θæŋk,0,0.099631,271
phone,fon,0,0.166038,265
goes,goz,0,0.215909,264
gets,gɛts,0,0.155039,258
guess,gɛs,0,0.190476,252
watch,watʃ,0,0.216,250
dr,drajv,0,0,247
add,æd,0,0.268293,246
works,wərks,0,0.254167,240
awesome,asəm,0,0.0170213,235
hey,he,0,0.0553191,235
share,ʃɛr,0,0.24359,234
whatever,wətɛvər,0,0.281385,231
check,tʃɛk,0,0.294372,231
parents,pɛrənts,0,0.290043,231
basically,besɪkli,0,0.0567686,229
anyway,ɛniwe,0,0.165179,224
team,tim,0,0.232143,224
account,əkawnt,0,0.278027,223
sorry,sari,0,0.133641,217
cool,kul,0,0.209302,215
mine,majn,0,0.176744,215
link,lɪŋk,0,0.046729,214
appreciated,əpriʃietəd,0,0.0238095,210
bought,bat,0,0.165854,205
computer,kəmpjutər,0,0.0588235,204
currently,kərəntli,0,0.102941,204
seeing,siɪŋ,0,0.27451,204
starting,startɪŋ,0,0.161765,204
build,bɪld,0,0.298507,201
asking,æskɪŋ,0,0.16,200
site,sajt,0,0.23,200
wants,wants,0,0.255,200
video,vɪdio,0,0,199
update,əpdet,0,0,198
movie,muvi,0,0.0909091,198
looks,lʊks,0,0.27551,196
server,sərvər,0,0,192
date,det,0,0.293194,191
girlfriend,gərlfrɛnd,0,0,190
interesting,ɪntrəstɪŋ,0,0.278947,190
current,kərənt,0,0.285714,189
page,pedʒ,0,0.264865,185
amp,æmp,0,0.00543478,184
happen,hæpən,0,0.237569,181
im,ɪm,0,0,181
kids,kɪdz,0,0.121387,173
sleep,slip,0,0.260116,173
watching,watʃɪŋ,0,0.265896,173
hate,het,0,0.162791,172
items,ajtəmz,0,0.245614,171
comments,kamɛnts,0,0.105882,170
card,kard,0,0.120482,166
title,tajtəl,0,0.230303,165
tomorrow,təmaro,0,0.272727,165
smoke,smok,0,0.164634,164
noticed,notəst,0,0.220859,163
ended,ɛndəd,0,0.257669,163
willing,wɪlɪŋ,0,0.277778,162
pictures,pɪktʃərz,0,0.26875,160
anybody,ɛnibədi,0,0.18239,159
thoughts,θɔts,0,0.245283,159
weekend,wikɛnd,0,0.101266,158
store,stɔr,0,0.242038,157
screen,skrin,0,0.197452,157
huge,hjudʒ,0,0.197452,157
issues,ɪʃuz,0,0.229299,157
send,sɛnd,0,0.275641,156
text,tɛkst,0,0.258065,155
song,sɔŋ,0,0.292208,154
eat,it,0,0.292208,154
enjoy,ɛndʒɔj,0,0.151316,152
ok,oke,0,0.0263158,152
tonight,tənajt,0,0.172185,151
crazy,krezi,0,0.18543,151
worse,wərs,0,0.28,150
seriously,sɪriəsli,0,0.143836,146
mostly,mostli,0,0.226027,146
spend,spɛnd,0,0.2,145
internet,ɪntərnɛt,0,0,145
somewhere,səmwɛr,0,0.284722,144
windows,wɪndoz,0,0.223776,143
anymore,ɛnimɔr,0,0.0422535,142
message,mɛsədʒ,0,0.242857,140
random,rændəm,0,0.178571,140
background,bækgrawnd,0,0.266187,139
october,aktobər,0,0.248175,137
player,pleər,0,0.255474,137
explain,ɪksplen,0,0.291045,134
talked,tɔkt,0,0.253731,134
version,vərʒən,0,0.231343,134
lose,luz,0,0.295455,132
okay,oke,0,0.113636,132
posted,postəd,0,0.0454545,132
curious,kjʊriəs,0,0.227273,132
eventually,ɪvɛntʃəwəli,0,0.204545,132
happens,hæpənz,0,0.181818,132
feels,filz,0,0.221374,131
fellow,fɛlo,0,0.282443,131
towards,təwɔrdz,0,0.267176,131
appreciate,əpriʃiet,0,0.138462,130
recommend,rɛkəmɛnd,0,0.131783,129
hoping,hopɪŋ,0,0.141732,127
finding,fajndɪŋ,0,0.222222,126
hurt,hərt,0,0.206349,126
sick,sɪk,0,0.277778,126
tips,tɪps,0,0.0714286,126
sounds,sawndz,0,0.288,125
trip,trɪp,0,0.288,125
movies,muviz,0,0.138211,123
advance,ədvæns,0,0.276423,123
create,kriet,0,0.260163,123
fairly,fɛrli,0,0.260163,123
figured,fɪgjərd,0,0.0731707,123
hi,haj,0,0.0491803,122
stupid,stupəd,0,0.131148,122
thread,θrɛd,0,0.0901639,122
male,mel,0,0.231405,121
lots,lats,0,0.2,120
amazing,əmezɪŋ,0,0.125,120
stories,stɔriz,0,0.294118,119
loved,ləvd,0,0.252101,119
smoking,smokɪŋ,0,0.0508475,118
throw,θro,0,0.205128,117
website,wɛbsajt,0,0,116
conversation,kanvərseʃən,0,0.206897,116
players,pleərz,0,0.155172,116
mom,mam,0,0.0175439,114
extra,ɛkstrə,0,0.247788,113
laptop,læptap,0,0,113
decent,disənt,0,0.079646,113
turns,tərnz,0,0.241071,112
hopefully,hopfəli,0,0.0535714,112
tired,tajərd,0,0.252252,111
anywhere,ɛniwɛr,0,0.263636,110
driving,drajvɪŋ,0,0.263636,110
extremely,ɪkstrimli,0,0.290909,110
fix,fɪks,0,0.0909091,110
gotten,gatən,0,0.0818182,110
drunk,drəŋk,0,0.247706,109
greatly,gretli,0,0.266055,109
info,ɪnfo,0,0,109
missing,mɪsɪŋ,0,0.222222,108
via,vajə,0,0.261682,107
welcome,wɛlkəm,0,0.245283,106
drinking,drɪŋkɪŋ,0,0.283019,106
fan,fæn,0,0.0857143,105
stuck,stək,0,0.180952,105
weird,wɪrd,0,0.0571429,105
bunch,bəntʃ,0,0.104762,105
terrible,tɛrəbəl,0,0.269231,104
weed,wid,0,0,103
yeah,jæ,0,0.166667,102
email,imel,0,0,102
finish,fɪnɪʃ,0,0.29,100
boyfriend,bɔjfrɛnd,0,0,100
comment,kamɛnt,0,0.222222,99
totally,totəli,0,0.0909091,99
unfortunately,ənfɔrtʃənətli,0,0.262626,99
gay,ge,0,0.171717,99
hang,hæŋ,0,0.131313,99
helpful,hɛlpfəl,0,0.20202,99
buying,bajɪŋ,0,0.173469,98
avoid,əvɔjd,0,0.28866,97
definitely,dɛfənətli,0,0.113402,97
dad,dæd,0,0.135417,96
super,supər,0,0,96
feelings,filɪŋz,0,0.221053,95
possibly,pasəbli,0,0.284211,95
beer,bɪr,0,0.231579,95
constantly,kanstəntli,0,0.284211,95
seconds,sɛkəndz,0,0.212766,94
damn,dæm,0,0.247312,93
wear,wɛr,0,0.26087,92
starts,starts,0,0.21978,91
worried,wərid,0,0.285714,91
camera,kæmərə,0,0.164835,91
considering,kənsɪdərɪŋ,0,0.244444,90
guitar,gətar,0,0.166667,90
honestly,anəstli,0,0.0888889,90
option,apʃən,0,0.0333333,90
posts,posts,0,0.177778,90
scared,skɛrd,0,0.168539,89
worst,wərst,0,0.247191,89
lately,letli,0,0.0795455,88
drugs,drəgz,0,0.264368,87
self,sɛlf,0,0.275862,87
sell,sɛl,0,0.298851,87
track,træk,0,0.298851,87
whenever,wɛnɛvər,0,0.287356,87
personally,pərsənəli,0,0.27907,86
absolutely,æbsəlutli,0,0.209302,86
dating,detɪŋ,0,0.0465116,86
trust,trəst,0,0.282353,85
web,wɛb,0,0.0361446,83
bike,bajk,0,0,83
horrible,hɔrəbəl,0,0.13253,83
eating,itɪŋ,0,0.256098,82
happening,hæpənɪŋ,0,0.292683,82
hello,həlo,0,0.097561,82
anyways,ɛniwez,0,0.0121951,82
ass,æs,0,0.0365854,82
access,æksɛs,0,0.17284,81
tells,tɛlz,0,0.283951,81
wanting,wantɪŋ,0,0.0987654,81
steam,stim,0,0.125,80
cheap,tʃip,0,0.1875,80
posting,postɪŋ,0,0,80
cat,kæt,0,0.164557,79
knowing,noɪŋ,0,0.282051,78
links,lɪŋks,0,0.038961,77
prefer,prəfər,0,0.207792,77
checked,tʃɛkt,0,0.289474,76
helps,hɛlps,0,0.256757,74
shirt,ʃərt,0,0.283784,74
specifically,spəsɪfɪkli,0,0.232877,73
input,ɪnpʊt,0,0.191781,73
bowl,bol,0,0.246575,73
forever,fərɛvər,0,0.291667,72
foster,fastər,0,0.194444,72
files,fajlz,0,0.140845,71
hats,hæts,0,0.157143,70
software,sɔftwɛr,0,0,70
excited,ɪksajtəd,0,0.205882,68
keeps,kips,0,0.205882,68
awkward,akwərd,0,0.102941,68
birthday,bərθde,0,0.176471,68
options,apʃənz,0,0.0147059,68
quit,kwɪt,0,0.0882353,68
map,mæp,0,0.119403,67
pot,pat,0,0.283582,67
download,dawnlod,0,0,67
episode,ɛpəsod,0,0.0597015,67
rally,ræli,0,0.136364,66
recommendations,rɛkəməndeʃənz,0,0.181818,66
depressed,dəprɛst,0,0.121212,66
button,bətən,0,0.123077,65
depression,dəprɛʃən,0,0.230769,65
flash,flæʃ,0,0.184615,65
forgot,fərgat,0,0.230769,65
paying,peɪŋ,0,0.215385,65
losing,luzɪŋ,0,0.296875,64
photos,fotoz,0,0.09375,64
rent,rɛnt,0,0.15625,64
likes,lajks,0,0.234375,64
drug,drəg,0,0.269841,63
folks,foks,0,0.126984,63
boss,bɔs,0,0.290323,62
chat,tʃæt,0,0.0806452,62
network,nɛtwərk,0,0.274194,62
replace,riples,0,0.274194,62
responses,rəspansəz,0,0.262295,61
lets,lɛts,0,0.0655738,61
teams,timz,0,0.245902,61
wan,wan,0,0.0166667,60
hanging,hæŋɪŋ,0,0.2,60
respond,rəspand,0,0.2,60
literally,lɪtərəli,0,0.258621,58
thinks,θɪŋks,0,0.172414,58
videos,vɪdioz,0,0.0172414,58
alcohol,ælkəhal,0,0.172414,58
breaking,brekɪŋ,0,0.275862,58
album,ælbəm,0,0.0877193,57
cant,kænt,0,0.0175439,57
crap,kræp,0,0.0350877,57
discuss,dɪskəs,0,0.245614,57
interview,ɪntərvju,0,0.263158,57
kick,kɪk,0,0.22807,57
media,midiə,0,0.157895,57
smoked,smokt,0,0.0701754,57
users,juzərz,0,0.0526316,57
user,juzər,0,0.0357143,56
fly,flaj,0,0.285714,56
gear,gɪr,0,0.232143,56
skills,skɪlz,0,0.236364,55
star,star,0,0.290909,55
suicide,suəsajd,0,0.290909,55
click,klɪk,0,0.0181818,55
mainly,menli,0,0.290909,55
loves,ləvz,0,0.185185,54
purchased,pərtʃəst,0,0.222222,54
replies,rəplajz,0,0.0925926,54
horror,hɔrər,0,0.148148,54
diet,dajət,0,0.277778,54
mess,mɛs,0,0.283019,53
overall,ovərɔl,0,0.132075,53
sites,sajts,0,0.169811,53
topic,tapɪk,0,0.132075,53
fans,fænz,0,0.226415,53
healthy,hɛlθi,0,0.245283,53
incredibly,ɪnkrɛdəbli,0,0.0566038,53
feedback,fidbæk,0,0.0576923,52
mode,mod,0,0.134615,52
ridiculous,rədɪkjələs,0,0.192308,52
annoying,ənɔjɪŋ,0,0.0769231,52
throwaway,θroəwe,0,0,52
woke,wok,0,0.215686,51
roommate,rumet,0,0.0196078,51
hitting,hɪtɪŋ,0,0.27451,51
apple,æpəl,0,0.137255,51
bored,bɔrd,0,0.0980392,51
asks,æsks,0,0.2,50
mix,mɪks,0,0.16,50
recipe,rɛsəpi,0,0.16,50
ticket,tɪkət,0,0.22,50
upset,əpsɛt,0,0.18,50
staying,steɪŋ,0,0.265306,49
ton,tən,0,0.204082,49
assuming,əsumɪŋ,0,0.122449,49
battery,bætəri,0,0.183673,49
cancer,kænsər,0,0.265306,49
insight,ɪnsajt,0,0.22449,49
install,ɪnstɔl,0,0.142857,49
submit,səbmɪt,0,0.291667,48
messages,mɛsədʒəz,0,0.166667,48
parking,parkɪŋ,0,0.25,48
monitor,manətər,0,0.0212766,47
wow,waw,0,0,47
kicked,kɪkt,0,0.276596,47
brand,brænd,0,0.276596,47
donate,donet,0,0.0638298,47
atheist,eθiəst,0,0,46
bathroom,bæθrum,0,0.173913,46
marijuana,mɛrəwanə,0,0.152174,46
porn,pɔrn,0,0,46
pro,pro,0,0.108696,46
adding,ædɪŋ,0,0.288889,45
alright,ɔlrajt,0,0,45
cute,kjut,0,0.0222222,45
suck,sək,0,0.0666667,45
client,klajənt,0,0.204545,44
crying,krajɪŋ,0,0.181818,44
kiss,kɪs,0,0.272727,44
setup,sɛtəp,0,0.139535,43
vintage,vɪntɪdʒ,0,0.0465116,43
picking,pɪkɪŋ,0,0.209302,43
roughly,rəfli,0,0.162791,43
cannabis,kænəbəs,0,0,43
boot,but,0,0.142857,42
clue,klu,0,0.261905,42
desktop,dɛsktap,0,0,42
sucks,səks,0,0,42
throwing,θroɪŋ,0,0.261905,42
updates,əpdets,0,0,42
lens,lɛnz,0,0.142857,42
manage,mænədʒ,0,0.285714,42
mouse,maws,0,0.142857,42
photo,foto,0,0.0952381,42
balls,bɔlz,0,0.195122,41
buddy,bədi,0,0.243902,41
cheese,tʃiz,0,0.146341,41
keyboard,kibɔrd,0,0.0731707,41
everyday,ɛvride,0,0.225,40
gaming,gemɪŋ,0,0.025,40
programming,progræmɪŋ,0,0.05,40
ram,ræm,0,0.05,40
quote,kwot,0,0.282051,39
screwed,skrud,0,0.282051,39
enjoying,ɛndʒɔjɪŋ,0,0.205128,39
expecting,ɪkspɛktɪŋ,0,0.282051,39
gym,dʒɪm,0,0.025641,39
servers,sərvərz,0,0,39
couch,kawtʃ,0,0.282051,39
creepy,kripi,0,0.025641,39
custom,kəstəm,0,0.205128,39
arguments,argjəmənts,0,0.236842,38
attacks,ətæks,0,0.289474,38
bitch,bɪtʃ,0,0.157895,38
forum,fɔrəm,0,0.157895,38
matches,mætʃəz,0,0.289474,38
updated,əpdetəd,0,0.0526316,38
zombie,zambi,0,0,38
shake,ʃek,0,0.27027,37
silly,sɪli,0,0.27027,37
tech,tɛk,0,0.0810811,37
dumb,dəm,0,0.27027,37
fake,fek,0,0.162162,37
bet,bɛt,0,0.27027,37
menu,mɛnju,0,0.108108,37
notch,natʃ,0,0.135135,37
relevant,rɛləvənt,0,0.216216,37
sadly,sædli,0,0.216216,37
loving,ləvɪŋ,0,0.25,36
sometime,səmtajm,0,0.222222,36
walks,wɔks,0,0.25,36
android,ændrɔjd,0,0,36
diamond,dajmənd,0,0.138889,36
boring,bɔrɪŋ,0,0.0571429,35
cable,kebəl,0,0.2,35
dude,dud,0,0,35
expand,ɪkspænd,0,0.228571,35
friendship,frɛndʃɪp,0,0.285714,35
frustrated,frəstretəd,0,0.171429,35
kissed,kɪst,0,0.285714,35
shy,ʃaj,0,0.228571,35
threads,θrɛdz,0,0.171429,35
upgrade,əpgred,0,0.0285714,35
shower,ʃawər,0,0.205882,34
talks,tɔks,0,0.294118,34
mac,mæk,0,0,34
math,mæθ,0,0.0588235,34
poster,postər,0,0.0882353,34
script,skrɪpt,0,0.235294,34
id,ɪd,0,0,34
inspired,ɪnspajərd,0,0.294118,34
lazy,lezi,0,0.235294,34
graphics,græfɪks,0,0,33
hardware,hardwɛr,0,0.212121,33
log,lɔg,0,0.242424,33
settings,sɛtɪŋz,0,0.121212,33
tickets,tɪkəts,0,0.212121,33
abuse,əbjus,0,0.212121,33
bonus,bonəs,0,0.0606061,33
connect,kənɛkt,0,0.0606061,33
disagree,dɪsəgri,0,0.181818,33
maps,mæps,0,0.272727,33
patch,pætʃ,0,0.242424,33
pop,pap,0,0.151515,33
scout,skawt,0,0.181818,33
mid,mɪd,0,0.0625,32
miserable,mɪzərəbəl,0,0.1875,32
profile,profajl,0,0.25,32
scratch,skrætʃ,0,0.28125,32
spawn,span,0,0,32
wins,wɪnz,0,0.28125,32
lease,lis,0,0.25,32
afterwards,æftərwərdz,0,0.28125,32
browsing,brawzɪŋ,0,0.03125,32
confident,kanfədənt,0,0.21875,32
counsel,kawnsəl,0,0.21875,32
amazon,æməzan,0,0.0322581,31
awhile,əwajl,0,0.0645161,31
bands,bændz,0,0.225806,31
blown,blon,0,0.225806,31
breaks,breks,0,0.290323,31
bug,bəg,0,0.0645161,31
channel,tʃænəl,0,0.225806,31
cheaper,tʃipər,0,0.290323,31
checking,tʃɛkɪŋ,0,0.0645161,31
commitment,kəmɪtmənt,0,0.258065,31
computers,kəmpjutərz,0,0.129032,31
conversations,kanvərseʃənz,0,0.193548,31
digital,dɪdʒətəl,0,0.0967742,31
uncomfortable,ənkəmfərtəbəl,0,0.258065,31
fox,faks,0,0.290323,31
episodes,ɛpəsodz,0,0.0666667,30
charity,tʃɛrəti,0,0.2,30
differently,dɪfrəntli,0,0.266667,30
phones,fonz,0,0.2,30
socially,soʃəli,0,0.2,30
vent,vɛnt,0,0.166667,30
weekends,wikɛndz,0,0.2,30
virus,vajrəs,0,0.275862,29
wont,wɔnt,0,0,29
burn,bərn,0,0.275862,29
cave,kev,0,0.275862,29
chocolate,tʃɔklət,0,0.172414,29
cigarettes,sɪgərɛts,0,0.206897,29
dig,dɪg,0,0.241379,29
downloaded,dawnlodəd,0,0,29
emotionally,ɪmoʃnəli,0,0.275862,29
folder,foldər,0,0.0689655,29
jokes,dʒoks,0,0.137931,29
linked,lɪŋkt,0,0.275862,29
preferably,prɛfərəbli,0,0.137931,29
ruin,ruən,0,0.275862,29
non,nan,0,0.285714,28
randomly,rændəmli,0,0.0357143,28
accidentally,æksədɛntəli,0,0.0714286,28
blank,blæŋk,0,0.285714,28
cheating,tʃitɪŋ,0,0.0357143,28
chrome,krom,0,0.107143,28
sorts,sɔrts,0,0.214286,28
tab,tæb,0,0,28
valve,vælv,0,0.0740741,27
workout,wərkawt,0,0.148148,27
beers,bɪrz,0,0.037037,27
cheated,tʃitəd,0,0.111111,27
checks,tʃɛks,0,0.296296,27
debt,dɛt,0,0.259259,27
pizza,pitsə,0,0.0740741,27
ripped,rɪpt,0,0.259259,27
seattle,siætəl,0,0.222222,27
dual,duəl,0,0.222222,27
frankly,fræŋkli,0,0.296296,27
logo,logo,0,0,27
drives,drajvz,0,0.230769,26
guild,gɪld,0,0.192308,26
hook,hʊk,0,0.115385,26
hooked,hʊkt,0,0.153846,26
hurting,hərtɪŋ,0,0.115385,26
illegal,ɪligəl,0,0.115385,26
batch,bætʃ,0,0.153846,26
convince,kənvɪns,0,0.0769231,26
correctly,kərɛktli,0,0.269231,26
crafting,kræftɪŋ,0,0.0384615,26
semester,səmɛstər,0,0.192308,26
sore,sɔr,0,0.192308,26
stir,stər,0,0.153846,26
tag,tæg,0,0.192308,26
torches,tɔrtʃəz,0,0.0769231,26
zone,zon,0,0.230769,26
memories,mɛməriz,0,0.269231,26
mutual,mjutʃəwəl,0,0.269231,26
photography,fətagrəfi,0,0.192308,26
pumpkin,pəmpkən,0,0.0769231,26
searched,sərtʃt,0,0.153846,26
regret,rɪgrɛt,0,0.12,25
audio,adio,0,0.08,25
blah,bla,0,0,25
clients,klajənts,0,0.24,25
default,dəfɔlt,0,0.04,25
delicious,dəlɪʃəs,0,0.12,25
explore,ɪksplɔr,0,0.2,25
guessing,gɛsɪŋ,0,0.2,25
idiot,ɪdiət,0,0.08,25
jealous,dʒɛləs,0,0.04,25
karma,karmə,0,0,25
lab,læb,0,0.08,25
launch,lɔntʃ,0,0.28,25
sights,sajts,0,0.24,25
skip,skɪp,0,0.08,25
symptoms,sɪmptəmz,0,0.24,25
submission,səbmɪʃən,0,0.0833333,24
tastes,tests,0,0.291667,24
therapy,θɛrəpi,0,0.125,24
usage,jusədʒ,0,0.291667,24
vanilla,vənɪlə,0,0.0833333,24
winner,wɪnər,0,0.25,24
abortion,əbɔrʃən,0,0.125,24
beans,binz,0,0.291667,24
browser,brawzər,0,0,24
cares,kɛrz,0,0.25,24
costume,kastum,0,0.208333,24
medication,mɛdəkeʃən,0,0.0833333,24
mod,mɔd,0,0,24
monster,manstər,0,0.25,24
pet,pɛt,0,0.125,24
scary,skɛri,0,0.0416667,24
embarrassed,ɛmbɛrəst,0,0.291667,24
finishing,fɪnɪʃɪŋ,0,0.291667,24
flip,flɪp,0,0.125,24
freshman,frɛʃmən,0,0.166667,24
frustrating,frəstretɪŋ,0,0.125,24
grocery,grosəri,0,0.208333,24
infinite,ɪnfənət,0,0.0833333,24
invite,ɪnvajt,0,0.291667,24
lame,lem,0,0.0833333,24
editing,ɛdətɪŋ,0,0.217391,23
filter,fɪltər,0,0.217391,23
graphic,græfɪk,0,0.0869565,23
hates,hets,0,0.0869565,23
humans,hjumənz,0,0.26087,23
introduce,ɪntrədus,0,0.173913,23
abilities,əbɪlətiz,0,0.26087,23
albums,ælbəmz,0,0.0869565,23
atheists,eθiəsts,0,0.173913,23
bud,bəd,0,0.26087,23
comic,kamɪk,0,0.217391,23
deadline,dɛdlajn,0,0.217391,23
delete,dəlit,0,0,23
shield,ʃild,0,0.217391,23
stops,staps,0,0.217391,23
tricks,trɪks,0,0.217391,23
versions,vərʒənz,0,0.26087,23
wireless,wajrləs,0,0,23
yeast,jist,0,0.0869565,23
nasty,næsti,0,0.130435,23
pants,pænts,0,0.217391,23
reviews,rivjuz,0,0.173913,23
prop,prap,0,0.227273,22
rape,rep,0,0.136364,22
re,re,0,0.0454545,22
backup,bækəp,0,0.0454545,22
climbing,klajmɪŋ,0,0.227273,22
closest,klosəst,0,0.272727,22
deleted,dəlitəd,0,0,22
developer,dɪvɛləpər,0,0.227273,22
disorder,dɪsɔrdər,0,0.227273,22
exploring,ɪksplɔrɪŋ,0,0.181818,22
freak,frik,0,0.136364,22
gender,dʒɛndər,0,0.136364,22
sits,sɪts,0,0.272727,22
spam,spæm,0,0,22
surgery,sərdʒəri,0,0.136364,22
tattoo,tætu,0,0,22
texts,tɛksts,0,0.0909091,22
ups,əps,0,0.0454545,22
sexually,sɛkʃuəli,0,0.285714,21
steal,stil,0,0.142857,21
toys,tɔjz,0,0.285714,21
unsure,ənʃʊr,0,0.047619,21
bags,bægz,0,0.285714,21
beta,betə,0,0.0952381,21
bits,bɪts,0,0.238095,21
depressing,dəprɛsɪŋ,0,0.0952381,21
diagnosed,dajəgnost,0,0.047619,21
disabled,dɪsebəld,0,0.238095,21
photographer,fətagrəfər,0,0.190476,21
pills,pɪlz,0,0.285714,21
potentially,pətɛnʃəli,0,0.142857,21
python,pajθan,0,0.238095,21
relate,rəlet,0,0.142857,21
experiencing,ɪkspɪriənsɪŋ,0,0.238095,21
format,fɔrmæt,0,0.142857,21
genre,ʒanrə,0,0.047619,21
grey,gre,0,0.238095,21
homework,homwərk,0,0,21
implement,ɪmpləmənt,0,0.047619,21
lifting,lɪftɪŋ,0,0.238095,21
forums,fɔrəmz,0,0,20
jeans,dʒinz,0,0.1,20
kills,kɪlz,0,0.25,20
kit,kɪt,0,0.1,20
bye,baj,0,0.1,20
clip,klɪp,0,0.2,20
strangers,strendʒərz,0,0.2,20
sub,səb,0,0.2,20
switching,swɪtʃɪŋ,0,0.25,20
troll,trol,0,0,20
passionate,pæʃənət,0,0.25,20
plugged,pləgd,0,0.15,20
pros,proz,0,0.1,20
punch,pəntʃ,0,0.2,20
resource,risɔrs,0,0.25,20
scenario,sənɛrio,0,0,20
ms,mɪz,0,0.0526316,19
processor,prasɛsər,0,0.263158,19
rely,rəlaj,0,0.263158,19
replacing,rəplesɪŋ,0,0.210526,19
rings,rɪŋz,0,0.157895,19
ale,el,0,0.0526316,19
alpha,ælfə,0,0.210526,19
biology,bajalədʒi,0,0.263158,19
brine,brajn,0,0,19
bucks,bəks,0,0.105263,19
canon,kænən,0,0.157895,19
diamonds,dajməndz,0,0.157895,19
emailed,imeld,0,0,19
est,əstet,0,0.0526316,19
fold,fold,0,0.210526,19
grandma,græma,0,0.157895,19
hobbies,habiz,0,0,19
laying,leɪŋ,0,0.210526,19
slot,slat,0,0.210526,19
spy,spaj,0,0.263158,19
terrified,tɛrəfajd,0,0.210526,19
trek,trɛk,0,0.0526316,19
twin,twɪn,0,0.263158,19
typing,tajpɪŋ,0,0.105263,19
unemployed,ənɛmplɔjd,0,0.210526,19
sexuality,sɛkʃuæləti,0,0.166667,18
solo,solo,0,0.222222,18
stealing,stilɪŋ,0,0.222222,18
sticking,stɪkɪŋ,0,0.277778,18
sucked,səkt,0,0.166667,18
suggesting,səgdʒɛstɪŋ,0,0.222222,18
torch,tɔrtʃ,0,0.0555556,18
torture,tɔrtʃər,0,0.0555556,18
warranty,wɔrənti,0,0.111111,18
wasting,westɪŋ,0,0.222222,18
yelling,jɛlɪŋ,0,0.222222,18
zombies,zambiz,0,0.0555556,18
addiction,ədɪkʃən,0,0.111111,18
avail,əvel,0,0.166667,18
babies,bebiz,0,0.277778,18
baked,bekt,0,0.277778,18
bong,baŋ,0,0,18
canadian,kənediən,0,0.222222,18
choosing,tʃuzɪŋ,0,0.277778,18
commentary,kaməntɛri,0,0.277778,18
contacted,kantæktəd,0,0.111111,18
crashing,kræʃɪŋ,0,0.277778,18
mob,mab,0,0.222222,18
nephew,nɛfju,0,0.277778,18
ramp,ræmp,0,0.166667,18
rude,rud,0,0.111111,18
sandwich,sændwɪtʃ,0,0.166667,18
focusing,fokəsɪŋ,0,0.277778,18
fortress,fɔrtrəs,0,0.277778,18
grammar,græmər,0,0.0555556,18
hurts,hərts,0,0.111111,18
fiance,fianse,0,0.0588235,17
financially,fənænʃəli,0,0.294118,17
fitness,fɪtnəs,0,0.235294,17
floating,flotɪŋ,0,0.176471,17
freeze,friz,0,0.176471,17
headphones,hɛdfonz,0,0,17
hilarious,həlɛriəs,0,0,17
ignoring,ɪgnɔrɪŋ,0,0.176471,17
kissing,kɪsɪŋ,0,0.176471,17
layer,leər,0,0.294118,17
addicted,ədɪktəd,0,0.117647,17
atheism,eθiɪzəm,0,0.0588235,17
blunt,blənt,0,0.235294,17
clarification,klɛrəfɪkeʃən,0,0.235294,17
clicked,klɪkt,0,0.235294,17
cock,kak,0,0.176471,17
connecting,kənɛktɪŋ,0,0.294118,17
digging,dɪgɪŋ,0,0.235294,17
sends,sɛndz,0,0.117647,17
shirts,ʃərts,0,0.0588235,17
socks,saks,0,0.294118,17
technically,tɛknɪkəli,0,0.176471,17
typed,tajpt,0,0.176471,17
vista,vɪstə,0,0,17
peanut,pinət,0,0.235294,17
portfolio,pɔrtfolio,0,0,17
preferences,prɛfərənsəz,0,0.176471,17
pretend,pritɛnd,0,0.235294,17
programmer,progræmər,0,0.117647,17
recipes,rɛsəpiz,0,0.0588235,17
requested,rɪkwɛstəd,0,0.235294,17
rip,rɪp,0,0.235294,17
salad,sæləd,0,0.294118,17
lurking,lərkɪŋ,0,0.1875,16
monitors,manətərz,0,0.1875,16
needing,nidɪŋ,0,0.25,16
paranoid,pɛrənɔjd,0,0,16
password,pæswərd,0,0,16
raid,red,0,0.1875,16
rant,rænt,0,0,16
regards,rɪgardz,0,0.1875,16
removing,rimuvɪŋ,0,0.1875,16
replay,riple,0,0,16
affecting,əfɛktɪŋ,0,0.25,16
alternatives,ɔltərnətɪvz,0,0.25,16
backpack,bækpæk,0,0,16
basics,besɪks,0,0,16
chick,tʃɪk,0,0.125,16
chips,tʃɪps,0,0.0625,16
exit,ɛgzət,0,0.25,16
gateway,getwe,0,0.125,16
infected,ɪnfɛktəd,0,0,16
infection,ɪnfɛkʃən,0,0.125,16
java,dʒavə,0,0.1875,16
laser,lezər,0,0,16
lenses,lɛnzəz,0,0.1875,16
selfish,sɛlfɪʃ,0,0.1875,16
serial,sɪriəl,0,0.1875,16
submissions,səbmɪʃənz,0,0,16
topics,tapɪks,0,0.1875,16
whatsoever,wətsoɛvər,0,0.1875,16
worlds,wərldz,0,0.0625,16
yea,je,0,0.0625,16
shaving,ʃevɪŋ,0,0.2,15
sniper,snajpər,0,0.0666667,15
sock,sak,0,0.133333,15
specs,spɛks,0,0,15
spelling,spɛlɪŋ,0,0.2,15
squats,skwats,0,0.0666667,15
tutorial,tutɔriəl,0,0,15
vet,vɛt,0,0,15
whatnot,wətnat,0,0.0666667,15
witch,wɪtʃ,0,0.266667,15
apologies,əpalədʒiz,0,0.133333,15
avid,ævəd,0,0,15
batteries,bætəriz,0,0.0666667,15
bikes,bajks,0,0,15
brands,brændz,0,0.2,15
breakup,brekəp,0,0.2,15
castle,kæsəl,0,0.2,15
charging,tʃardʒɪŋ,0,0.266667,15
chatting,tʃætɪŋ,0,0,15
comics,kamɪks,0,0,15
convincing,kənvɪnsɪŋ,0,0.266667,15
crates,krets,0,0.0666667,15
debating,dəbetɪŋ,0,0.2,15
mall,mɔl,0,0,15
messed,mɛst,0,0,15
popped,papt,0,0.266667,15
privacy,prajvəsi,0,0.266667,15
prophet,prafət,0,0.0666667,15
psychiatrist,səkajətrəst,0,0.2,15
puppy,pəpi,0,0,15
pursuing,pərsuɪŋ,0,0.2,15
recover,rɪkəvər,0,0.266667,15
saves,sevz,0,0.0666667,15
eagle,igəl,0,0.2,15
frustration,frəstreʃən,0,0.2,15
horribly,hɔrəbli,0,0.0666667,15
infinity,ɪnfɪnəti,0,0.133333,15
installing,ɪnstɔlɪŋ,0,0.266667,15
interviews,ɪntərvjuz,0,0.266667,15
laundry,lɔndri,0,0.2,15
lava,lavə,0,0.0666667,15
drawer,drɔr,0,0.214286,14
easiest,iziəst,0,0.285714,14
ensure,ɛnʃʊr,0,0.285714,14
fights,fajts,0,0.214286,14
figuring,fɪgjərɪŋ,0,0.285714,14
garbage,garbɪdʒ,0,0.285714,14
gladly,glædli,0,0.285714,14
headache,hɛdek,0,0.214286,14
helmet,hɛlmət,0,0.0714286,14
hobby,habi,0,0.214286,14
incorrect,ɪnkərɛkt,0,0.285714,14
invest,ɪnvɛst,0,0.214286,14
kittens,kɪtənz,0,0.214286,14
layout,leawt,0,0.285714,14
acoustic,əkustɪk,0,0,14
arrow,æro,0,0.285714,14
banned,bænd,0,0.0714286,14
bullying,bʊliɪŋ,0,0.142857,14
caps,kæps,0,0.142857,14
cart,kart,0,0.285714,14
clicking,klɪkɪŋ,0,0,14
clueless,kluləs,0,0,14
clumps,kləmps,0,0.285714,14
commercials,kəmərʃəlz,0,0.214286,14
cons,kanz,0,0.0714286,14
controller,kəntrolər,0,0.0714286,14
cookies,kʊkiz,0,0.214286,14
crashes,kræʃəz,0,0.0714286,14
crush,krəʃ,0,0.142857,14
disgusting,dɪsgəstɪŋ,0,0.142857,14
domain,domen,0,0.214286,14
sisters,sɪstərz,0,0.214286,14
sized,sajzd,0,0.214286,14
starter,startər,0,0.142857,14
stays,stez,0,0.214286,14
submitting,səbmɪtɪŋ,0,0.214286,14
thankfully,θæŋkfəli,0,0,14
viewing,vjuɪŋ,0,0.285714,14
wears,wɛrz,0,0.214286,14
marathon,mɛrəθan,0,0.214286,14
metro,mɛtro,0,0.142857,14
mobs,mabz,0,0.142857,14
nerd,nərd,0,0,14
optional,apʃənəl,0,0.285714,14
pill,pɪl,0,0.285714,14
platinum,plætnəm,0,0.214286,14
prescription,prəskrɪpʃən,0,0.285714,14
prick,prɪk,0,0.0714286,14
pussy,pʊsi,0,0.214286,14
quitting,kwɪtɪŋ,0,0.142857,14
referral,rəfərəl,0,0.142857,14
remotely,rimotli,0,0.142857,14
replays,riplez,0,0,14
sarcasm,sarkæzəm,0,0.142857,14
scoring,skɔrɪŋ,0,0.285714,14
luckily,ləkəli,0,0.230769,13
melee,mele,0,0.153846,13
mentions,mɛnʃənz,0,0.230769,13
micro,majkro,0,0,13
moderately,madərətli,0,0.230769,13
monsters,manstərz,0,0.0769231,13
mormon,mɔrmən,0,0.0769231,13
packs,pæks,0,0.153846,13
printer,prɪntər,0,0,13
refuses,rəfjuzəz,0,0.230769,13
reset,risɛt,0,0,13
ridiculously,rədɪkjələsli,0,0.153846,13
scouting,skawtɪŋ,0,0.153846,13
additionally,ədɪʃənəli,0,0.230769,13
adobe,ədobi,0,0.0769231,13
bothers,baðərz,0,0.153846,13
complaining,kəmplenɪŋ,0,0.153846,13
compliment,kampləmɛnt,0,0.153846,13
confusing,kənfjuzɪŋ,0,0.153846,13
consensus,kənsɛnsəs,0,0.230769,13
crafted,kræftəd,0,0,13
disconnected,dɪskənɛktəd,0,0.230769,13
dungeon,dəndʒən,0,0.153846,13
galaxy,gæləksi,0,0.153846,13
generic,dʒənɛrɪk,0,0,13
halo,helo,0,0.0769231,13
haunted,hɔnəd,0,0.230769,13
heck,hɛk,0,0.0769231,13
hesitant,hɛzətənt,0,0.153846,13
insulting,ɪnsəltɪŋ,0,0.153846,13
knowledgeable,nalədʒəbəl,0,0.153846,13
semi,sɛmi,0,0.0769231,13
slots,slats,0,0.153846,13
streaming,strimɪŋ,0,0.230769,13
suicidal,suəsajdəl,0,0,13
teens,tinz,0,0.230769,13
trash,træʃ,0,0.153846,13
wrap,ræp,0,0.230769,13
seller,sɛlər,0,0.166667,12
shooter,ʃutər,0,0.25,12
shrink,ʃrɪŋk,0,0.25,12
slap,slæp,0,0.0833333,12
smoker,smokər,0,0,12
spider,spajdər,0,0,12
stain,sten,0,0.25,12
stoned,stond,0,0.0833333,12
swap,swap,0,0.0833333,12
tags,tægz,0,0.0833333,12
tomato,təmeto,0,0.25,12
toronto,təranto,0,0.0833333,12
volunteering,vɔləntɪrɪŋ,0,0.0833333,12
wallpaper,wɔlpepər,0,0.25,12
affordable,əfɔrdəbəl,0,0.0833333,12
attachment,ətætʃmənt,0,0.25,12
bail,bel,0,0.25,12
bakery,bekəri,0,0.166667,12
ban,bæn,0,0.25,12
braves,brevz,0,0.25,12
chests,tʃɛsts,0,0.166667,12
chunk,tʃəŋk,0,0.166667,12
consuming,kənsumɪŋ,0,0.25,12
coworkers,kowərkərz,0,0.166667,12
custody,kəstədi,0,0.166667,12
database,detəbes,0,0,12
deadlines,dɛdlajnz,0,0,12
dell,dɛl,0,0,12
disclaimer,dɪsklemər,0,0.0833333,12
documentary,dakjəmɛntəri,0,0.166667,12
makeup,mekəp,0,0.0833333,12
manually,mænjuəli,0,0.25,12
matt,mæt,0,0.25,12
mentioning,mɛnʃənɪŋ,0,0.166667,12
overwhelmed,ovərwɛlmd,0,0.166667,12
owns,onz,0,0.25,12
pointless,pɔjntləs,0,0,12
rambling,ræmblɪŋ,0,0.0833333,12
scam,skæm,0,0.0833333,12
secondly,sɛkəndli,0,0.166667,12
dragon,drægən,0,0.0833333,12
dudes,djudz,0,0,12
em,ɛm,0,0.25,12
enjoyable,ɛndʒɔjəbəl,0,0.166667,12
flashing,flæʃɪŋ,0,0.166667,12
gals,gælz,0,0.166667,12
goodbye,gʊdbaj,0,0.25,12
gorgeous,gɔrdʒəs,0,0.166667,12
grandparents,grændpɛrənts,0,0.25,12
hangover,hæŋovər,0,0.0833333,12
heal,hil,0,0.25,12
herpes,hərpiz,0,0,12
homeless,homləs,0,0,12
interactions,ɪntərækʃənz,0,0.0833333,12
kindle,kɪndəl,0,0,12
downloading,dawnlodɪŋ,0,0,11
drastically,dræstɪkli,0,0.272727,11
excuses,ɪkskjusəz,0,0.181818,11
flick,flɪk,0,0.0909091,11
folds,foldz,0,0.272727,11
footage,fʊtɪdʒ,0,0.0909091,11
fulfilling,fʊlfɪlɪŋ,0,0.0909091,11
gig,gɪg,0,0.0909091,11
girlfriends,gərlfrɛndz,0,0,11
hardcore,hardkɔr,0,0,11
harrier,hɛriər,0,0,11
heroin,hɛroən,0,0.181818,11
hiking,hajkɪŋ,0,0.0909091,11
hiring,hajrɪŋ,0,0.0909091,11
hosts,hosts,0,0.181818,11
icon,ajkan,0,0,11
insomnia,ɪnsamniə,0,0.272727,11
itch,ɪtʃ,0,0.272727,11
laughs,læfs,0,0.272727,11
lifestyle,lajfstajl,0,0,11
listing,lɪstɪŋ,0,0.181818,11
logged,lɔgd,0,0.0909091,11
addict,ədɪkt,0,0,11
alcoholic,ælkəhalɪk,0,0.0909091,11
banana,bənænə,0,0.0909091,11
bizarre,bəzar,0,0.272727,11
booze,buz,0,0.272727,11
brownies,brawniz,0,0,11
browse,brawz,0,0,11
bugging,bəgɪŋ,0,0.0909091,11
cider,sajdər,0,0.0909091,11
console,kansol,0,0,11
consume,kənsum,0,0.181818,11
demo,dɛmo,0,0,11
dock,dak,0,0.272727,11
stance,stæns,0,0.181818,11
subway,səbwe,0,0.181818,11
supportive,səpɔrtɪv,0,0.181818,11
tactic,tæktɪk,0,0.181818,11
toy,tɔj,0,0.0909091,11
tuned,tund,0,0.272727,11
wardrobe,wɔrdrob,0,0.272727,11
longest,lɔŋgəst,0,0.181818,11
magma,mægmə,0,0,11
manages,mænɪdʒəz,0,0.181818,11
mediocre,midiokər,0,0,11
mr,mɪstər,0,0,11
pointers,pɔjntərz,0,0,11
powered,pawərd,0,0.181818,11
responding,rəspandɪŋ,0,0.272727,11
retarded,rətardəd,0,0.181818,11
rig,rɪg,0,0.181818,11
runner,rənər,0,0.181818,11
scare,skɛr,0,0.272727,11
searches,sərtʃəz,0,0.181818,11
loser,luzər,0,0.1,10
medic,mɛdɪk,0,0,10
mini,mɪni,0,0,10
motivate,motəvet,0,0,10
motorcycle,motərsajkəl,0,0,10
noticing,notəsɪŋ,0,0.1,10
obese,obis,0,0,10
pedal,pɛdəl,0,0.2,10
poke,pok,0,0.1,10
professionals,prəfɛʃənəlz,0,0.2,10
pub,pəb,0,0.1,10
rebate,ribet,0,0,10
relaxing,rəlæksɪŋ,0,0.2,10
researching,risərtʃɪŋ,0,0.1,10
satan,setən,0,0.2,10
agnostic,ægnastɪk,0,0,10
alt,alt,0,0,10
bang,bæŋ,0,0.1,10
beforehand,bəfɔrhænd,0,0.2,10
brake,brek,0,0.1,10
cables,kebəlz,0,0,10
catchy,kætʃi,0,0.1,10
charger,tʃardʒər,0,0,10
cheat,tʃit,0,0.2,10
compatible,kəmpætəbəl,0,0.2,10
contacting,kantæktɪŋ,0,0.2,10
coolest,kuləst,0,0.2,10
cycling,sajkəlɪŋ,0,0,10
donations,doneʃənz,0,0.1,10
erection,ɪrɛkʃən,0,0.1,10
facial,feʃəl,0,0,10
feminist,fɛmənəst,0,0.1,10
flex,flɛks,0,0.1,10
fooled,fuld,0,0.2,10
freaked,frikt,0,0,10
fridge,frɪdʒ,0,0,10
ginger,dʒɪndʒər,0,0.2,10
grind,grajnd,0,0.1,10
hack,hæk,0,0.2,10
hangers,hæŋərz,0,0.1,10
hash,hæʃ,0,0,10
headset,hɛdsɛt,0,0,10
highlights,hajlajts,0,0.2,10
hive,hajv,0,0.2,10
lag,læg,0,0.2,10
lastly,læstli,0,0.2,10
libido,ləbido,0,0.2,10
shady,ʃedi,0,0.2,10
shine,ʃajn,0,0.2,10
snacks,snæks,0,0.1,10
strategies,strætədʒiz,0,0,10
tabs,tæbz,0,0,10
teenager,tinedʒər,0,0.2,10
torrents,tɔrənts,0,0.2,10
upcoming,əpkəmɪŋ,0,0,10
upgrading,əpgredɪŋ,0,0.1,10
venue,vɛnju,0,0,10
wishing,wɪʃɪŋ,0,0.1,10
worthless,wərθləs,0,0.1,10
shipped,ʃɪpt,0,0.222222,9
shocking,ʃakɪŋ,0,0.222222,9
shoots,ʃuts,0,0,9
siblings,sɪblɪŋz,0,0,9
sour,sawər,0,0.222222,9
specifics,spəsɪfɪks,0,0.111111,9
starters,startərz,0,0.111111,9
subs,səbz,0,0.222222,9
subscribed,səbskrajbd,0,0.111111,9
sword,sɔrd,0,0.222222,9
teenage,tinedʒ,0,0.222222,9
tolerance,talərəns,0,0,9
tunnels,tənəlz,0,0.222222,9
tutorials,tutɔriəlz,0,0.111111,9
virtual,vərtʃuəl,0,0.222222,9
whim,wɪm,0,0.222222,9
abusive,əbjusɪv,0,0,9
admittedly,ædmɪtədli,0,0.111111,9
amongst,əməŋst,0,0.222222,9
asses,æsəz,0,0.222222,9
automated,ɔtəmetəd,0,0.111111,9
backyard,bækjard,0,0,9
barracks,bærəks,0,0.222222,9
bedrock,bɛdrak,0,0,9
beginner,bɪgɪnər,0,0,9
braille,brel,0,0.111111,9
brew,bru,0,0,9
challenges,tʃæləndʒəz,0,0.222222,9
charities,tʃɛrətiz,0,0.111111,9
clan,klæn,0,0.222222,9
coke,kok,0,0.222222,9
coworker,kowərkər,0,0.111111,9
cube,kjub,0,0.111111,9
deleting,dəlitɪŋ,0,0,9
developers,dɪvɛləpərz,0,0.111111,9
distracting,dɪstræktɪŋ,0,0.111111,9
donating,donetɪŋ,0,0,9
mailbox,melbaks,0,0.111111,9
manly,mænli,0,0.222222,9
messing,mɛsɪŋ,0,0,9
microphone,majkrəfon,0,0.222222,9
minded,majndəd,0,0.111111,9
mint,mɪnt,0,0.111111,9
mixer,mɪksər,0,0.111111,9
moderators,madəretərz,0,0,9
nausea,nɔziə,0,0.222222,9
nightmares,najtmɛrz,0,0.111111,9
nominate,namənet,0,0.222222,9
outright,awtrajt,0,0.222222,9
ports,pɔrts,0,0.222222,9
propane,propen,0,0,9
ranked,ræŋkt,0,0.111111,9
rats,ræts,0,0.222222,9
recession,rəsɛʃən,0,0.222222,9
salsa,sɔlsə,0,0,9
savvy,sævi,0,0,9
scouts,skawts,0,0.222222,9
drowning,drawnɪŋ,0,0.111111,9
edibles,ɛdəbəlz,0,0,9
encounters,ɛnkawntərz,0,0.222222,9
essentials,əsɛntʃəlz,0,0.222222,9
etiquette,ɛtəkət,0,0.111111,9
expose,ɪkspoz,0,0.222222,9
fedora,fədɔrə,0,0.222222,9
flop,flap,0,0,9
friendships,frɛndʃɪps,0,0.222222,9
funding,fəndɪŋ,0,0.111111,9
gallon,gælən,0,0.111111,9
goodnight,gʊdnajt,0,0.222222,9
grandpa,grændpa,0,0,9
handicapped,hændikæpt,0,0,9
hangs,hæŋz,0,0.222222,9
hop,hap,0,0.111111,9
hosting,hostɪŋ,0,0.111111,9
identifying,ajdɛntəfajɪŋ,0,0.222222,9
implementing,ɪmpləmɛntɪŋ,0,0.222222,9
insanity,ɪnsænəti,0,0.222222,9
interact,ɪntərækt,0,0.222222,9
interface,ɪntərfes,0,0,9
kicks,kɪks,0,0.111111,9
kitten,kɪtən,0,0.222222,9
laptops,læptaps,0,0,9
lasts,læsts,0,0,9
legally,ligəli,0,0.111111,9
listings,lɪstɪŋz,0,0.111111,9
logging,lɔgɪŋ,0,0.222222,9
enlighten,ɛnlajtən,0,0,8
exam,ɪgzæm,0,0,8
folding,foldɪŋ,0,0.25,8
fries,frajz,0,0,8
functionality,fəŋkʃənæləti,0,0.125,8
gears,gɪrz,0,0.125,8
greetings,gritɪŋz,0,0.25,8
grid,grɪd,0,0,8
healthier,hɛlθiər,0,0.25,8
hike,hajk,0,0.25,8
horny,hɔrni,0,0,8
insightful,ɪnsajtfəl,0,0,8
irritated,ɪrətetəd,0,0.25,8
jerk,dʒərk,0,0.125,8
accumulated,əkjumjəletəd,0,0.125,8
albeit,ɔlbiət,0,0,8
arcade,arked,0,0.25,8
bananas,bənænəz,0,0.125,8
binary,bajnəri,0,0,8
bipolar,bajpolər,0,0,8
booting,butɪŋ,0,0,8
bra,bra,0,0,8
catches,kætʃəz,0,0.125,8
cheer,tʃɪr,0,0.25,8
cheesy,tʃizi,0,0,8
copied,kapid,0,0.25,8
daddy,dædi,0,0.25,8
deserving,dəzərvɪŋ,0,0.125,8
distractions,dɪstrækʃənz,0,0.25,8
shiny,ʃajni,0,0.25,8
slut,slət,0,0,8
spicy,spajsi,0,0.125,8
substitution,səbstətuʃən,0,0.125,8
surfing,sərfɪŋ,0,0,8
tablespoon,tebəlspun,0,0.25,8
treadmill,trɛdmɪl,0,0.125,8
trolling,trolɪŋ,0,0,8
unlock,ənlak,0,0.25,8
upwards,əpwərdz,0,0.25,8
visa,vizə,0,0.25,8
waterfall,wɔtərfɔl,0,0.125,8
whore,hɔr,0,0,8
worms,wərmz,0,0.25,8
worrying,wəriɪŋ,0,0.25,8
macro,mækro,0,0,8
massage,məsaʒ,0,0.25,8
medications,mɛdəkeʃənz,0,0,8
messy,mɛsi,0,0.25,8
moms,mamz,0,0,8
monkeys,məŋkiz,0,0.125,8
mushroom,məʃrum,0,0.125,8
muslim,məzləm,0,0.125,8
perspectives,pərspɛktɪvz,0,0,8
pillar,pɪlər,0,0.25,8
protecting,prətɛktɪŋ,0,0,8
racist,resəst,0,0.125,8
rename,rinem,0,0,8
rewarded,rəwɔrdəd,0,0.25,8
sarcastic,sarkæstɪk,0,0,8
screwing,skruɪŋ,0,0,8
lonesome,lonsəm,0,0,NULL
longingly,lɔŋɪŋli,0,0,NULL
longings,lɔŋɪŋz,0,0,NULL
longish,lɔŋɪʃ,0,0,NULL
longitude,landʒətud,0,0,NULL
longitudes,landʒətudz,0,0,NULL
longitudinal,landʒətudənəl,0,0,NULL
longs,lɔŋz,0,0,NULL
longstanding,lɔŋstændɪŋ,0,0,NULL
loo,lu,0,0,NULL
lookalike,lʊkəlajk,0,0,NULL
looker,lʊkər,0,0,NULL
lookers,lʊkərz,0,0,NULL
lookout,lʊkawt,0,0,NULL
loon,lun,0,0,NULL
looney,luni,0,0,NULL
loony,luni,0,0,NULL
looped,lupt,0,0,NULL
loopholes,lupholz,0,0,NULL
loops,lups,0,0.25,NULL
loopy,lupi,0,0,NULL
loosed,lust,0,0,NULL
loosening,lusənɪŋ,0,0,NULL
loosens,lusənz,0,0,NULL
looser,lusər,0,0,NULL
looses,lusəz,0,0,NULL
loosing,lusɪŋ,0,0,NULL
looted,lutəd,0,0,NULL
looter,lutər,0,0,NULL
looters,lutərz,0,0,NULL
lop,lap,0,0,NULL
lopes,lops,0,0,NULL
lopped,lapt,0,0,NULL
loppers,lapərz,0,0,NULL
lopping,lapɪŋ,0,0,NULL
lopsided,lapsajdəd,0,0,NULL
lords,lɔrdz,0,0,NULL
lorelei,lɔrəlaj,0,0,NULL
lorries,lɔriz,0,0,NULL
lorry,lɔri,0,0,NULL
loth,laθ,0,0,NULL
lotteries,latəriz,0,0,NULL
lottery,latəri,0,0,NULL
lotto,lato,0,0,NULL
lotus,lotəs,0,0,NULL
lounges,lawndʒəz,0,0,NULL
lovable,ləvəbəl,0,0,NULL
loveless,ləvləs,0,0,NULL
lovemaking,ləvmekɪŋ,0,0,NULL
lovingly,ləvɪŋli,0,0,NULL
lowers,loərz,0,0.25,NULL
lowing,loɪŋ,0,0,NULL
lowland,lolænd,0,0,NULL
lowlands,lolændz,0,0,NULL
loyalist,lɔjələst,0,0,NULL
loyally,lɔjəli,0,0,NULL
lozenge,lɔzəndʒ,0,0,NULL
lozenges,lɔzəndʒəz,0,0,NULL
luanda,luandə,0,0,NULL
lubber,ləbər,0,0,NULL
lubbers,ləbərz,0,0,NULL
lubricant,lubrəkənt,0,0,NULL
lubricants,lubrəkənts,0,0,NULL
lubricate,lubrɪket,0,0,NULL
lubricated,lubrəketəd,0,0,NULL
lubricating,lubrəketɪŋ,0,0,NULL
luckier,ləkiər,0,0,NULL
luckiest,ləkiəst,0,0,NULL
luckless,ləkləs,0,0,NULL
lucrative,lukrətɪv,0,0,NULL
ludicrously,ludəkrəsli,0,0,NULL
lugging,ləgɪŋ,0,0,NULL
lugs,ləgz,0,0,NULL
lugubrious,lugjubriəs,0,0,NULL
lullabies,lələbajz,0,0,NULL
lulled,ləld,0,0,NULL
lulling,ləlɪŋ,0,0,NULL
lulls,ləlz,0,0,NULL
lulu,lulu,0,0,NULL
lumbago,ləmbego,0,0,NULL
lumbar,ləmbar,0,0,NULL
lumberjack,ləmbərdʒæk,0,0,NULL
lumen,lumən,0,0,NULL
luminal,lumənəl,0,0,NULL
luminance,lumənəns,0,0,NULL
luminaries,lumənɛriz,0,0,NULL
luminary,lumənɛri,0,0,NULL
luminescence,lumənɛsəns,0,0,NULL
luminescent,lumənɛsənt,0,0,NULL
lumped,ləmpt,0,0,NULL
lumping,ləmpɪŋ,0,0,NULL
luna,lunə,0,0,NULL
lunacy,lunəsi,0,0,NULL
lunatic,lunətɪk,0,0,NULL
lunatics,lunətɪks,0,0,NULL
lunched,ləntʃt,0,0,NULL
luncheons,ləntʃənz,0,0,NULL
lunching,ləntʃɪŋ,0,0,NULL
lunges,ləndʒəz,0,0,NULL
lungfish,ləŋfɪʃ,0,0,NULL
lunging,ləndʒɪŋ,0,0,NULL
lupin,lupən,0,0,NULL
lurches,lərtʃəz,0,0,NULL
lured,lʊrd,0,0,NULL
lures,lʊrz,0,0,NULL
luring,lʊrɪŋ,0,0,NULL
lurk,lərk,0,0.2,NULL
lurks,lərks,0,0,NULL
lusaka,lusakə,0,0,NULL
luscious,ləʃəs,0,0,NULL
lusher,ləʃər,0,0,NULL
lusted,ləstəd,0,0,NULL
lustful,ləstfəl,0,0,NULL
lusting,ləstɪŋ,0,0,NULL
lustre,ləstər,0,0,NULL
lustrous,ləstrəs,0,0,NULL
lusty,ləsti,0,0,NULL
lute,lut,0,0,NULL
lutes,luts,0,0,NULL
lux,ləks,0,0,NULL
luxor,ləksər,0,0,NULL
luxuriant,ləgʒəriənt,0,0,NULL
lymph,lɪmf,0,0,NULL
lymphatic,lɪmfætɪk,0,0,NULL
lymphocyte,lɪmfəsajt,0,0,NULL
lymphocytes,lɪmfəsajts,0,0,NULL
lymphomas,lɪmfoməz,0,0,NULL
lynch,lɪntʃ,0,0,NULL
lynched,lɪntʃt,0,0,NULL
lynching,lɪntʃɪŋ,0,0,NULL
lynx,lɪŋks,0,0,NULL
lynxes,lɪŋksəz,0,0,NULL
lyon,lajən,0,0,NULL
lyons,lajənz,0,0,NULL
lyra,lajrə,0,0,NULL
lyre,lajr,0,0,NULL
lyrically,lɪrɪkli,0,0,NULL
lyricists,lɪrəsəsts,0,0,NULL
lyrist,lɪrɪst,0,0,NULL
lysine,lajsin,0,0,NULL
macaques,məkaks,0,0,NULL
macaroni,mækəroni,0,0,NULL
macaw,məkɔ,0,0,NULL
macaws,məkɔz,0,0,NULL
mace,mes,0,0,NULL
machete,məʃɛti,0,0,NULL
machetes,məʃɛtiz,0,0,NULL
machination,mæʃəneʃən,0,0,NULL
machinations,mæʃəneʃənz,0,0,NULL
machined,mɪʃind,0,0,NULL
machinists,mɪʃinəsts,0,0,NULL
machismo,mətʃɪzmo,0,0,NULL
macho,matʃo,0,0,NULL
macintosh,mækəntɔʃ,0,0,NULL
macintoshes,mækəntɔʃəz,0,0,NULL
mackerel,mækərəl,0,0.25,NULL
mackintosh,mækəntaʃ,0,0,NULL
macroeconomic,mækroɛkənamɪk,0,0,NULL
macroeconomics,mækroɛkənamɪks,0,0,NULL
macrophage,mækrofedʒ,0,0,NULL
macrophages,mækrofedʒəz,0,0,NULL
madam,mædəm,0,0,NULL
madcap,mædkæp,0,0,NULL
maddening,mædənɪŋ,0,0,NULL
maddeningly,mædənɪŋli,0,0,NULL
madder,mædər,0,0,NULL
madeira,mədɪrə,0,0,NULL
mademoiselle,mædəməzɛl,0,0,NULL
madhouse,mædhaws,0,0,NULL
madman,mædmæn,0,0,NULL
madmen,mædmən,0,0,NULL
madras,mædrəs,0,0,NULL
maelstrom,melstrəm,0,0,NULL
mafia,mafiə,0,0,NULL
mag,mæg,0,0,NULL
maggot,mægət,0,0,NULL
magi,medʒaj,0,0,NULL
magisterial,mædʒəstiriəl,0,0,NULL
magnanimous,mægnænəməs,0,0,NULL
magnate,mægnət,0,0,NULL
magnates,mægnets,0,0,NULL
magnesia,mægniʒə,0,0,NULL
magnesium,mægniziəm,0,0,NULL
magnetically,mægnɛtɪkəli,0,0,NULL
magnetite,mægnətajt,0,0,NULL
magnetometer,mægnətamətər,0,0,NULL
magnetometers,mægnətamətərz,0,0,NULL
magnetron,mægnətran,0,0,NULL
magnets,mægnəts,0,0,NULL
magnifications,mægnəfəkeʃənz,0,0,NULL
magnifier,mægnəfajər,0,0,NULL
magnifies,mægnəfajz,0,0,NULL
magnify,mægnəfaj,0,0,NULL
magnolia,mægnoljə,0,0,NULL
magnolias,mægnoljəz,0,0,NULL
magpie,mægpaj,0,0,NULL
magpies,mægpajz,0,0,NULL
mags,mægz,0,0,NULL
mahatma,məhatmə,0,0,NULL
maiden,medən,0,0,NULL
maidens,medənz,0,0,NULL
mailings,melɪŋz,0,0,NULL
mailman,melmæn,0,0,NULL
maim,mem,0,0,NULL
maimed,memd,0,0,NULL
maiming,memɪŋ,0,0,NULL
maims,memz,0,0,NULL
mainframe,menfrem,0,0,NULL
mainframes,menfremz,0,0,NULL
mainline,menlajn,0,0,NULL
mains,menz,0,0,NULL
mainstay,menste,0,0,NULL
mainstays,menstez,0,0,NULL
mainstream,menstrim,0,0.142857,NULL
maize,mez,0,0,NULL
majestically,mədʒɛstɪkəli,0,0,NULL
majesty,mædʒəsti,0,0,NULL
makeover,mekovər,0,0,NULL
maladjusted,mælədʒəstəd,0,0,NULL
maladroit,mælədrɔjt,0,0,NULL
malarial,məlɛriəl,0,0,NULL
malathion,məlæθiɔn,0,0,NULL
malawi,məlawi,0,0,NULL
malay,mele,0,0,NULL
malayan,məleən,0,0,NULL
malays,məlez,0,0,NULL
malaysia,məleʒə,0,0,NULL
malcontent,mælkəntɛnt,0,0,NULL
malcontents,mælkəntɛnts,0,0,NULL
maldives,mɔldajvz,0,0,NULL
malefactor,mæləfæktər,0,0,NULL
malefactors,mæləfæktərz,0,0,NULL
malevolent,məlɛvələnt,0,0,NULL
malformation,mælfɔrmeʃən,0,0,NULL
malformations,mælfɔrmeʃənz,0,0,NULL
malfunction,mælfəŋkʃən,0,0,NULL
malfunctioned,mælfəŋkʃənd,0,0,NULL
malfunctioning,mælfəŋkʃənɪŋ,0,0,NULL
malfunctions,mælfəŋkʃənz,0,0,NULL
malice,mæləs,0,0,NULL
malicious,məlɪʃəs,0,0.25,NULL
maliciously,məlɪʃəsli,0,0,NULL
malign,məlajn,0,0,NULL
malignancies,məlɪgnənsiz,0,0,NULL
malignancy,məlɪgnənsi,0,0,NULL
malignant,məlɪgnənt,0,0,NULL
maligned,məlajnd,0,0,NULL
mallard,mælərd,0,0,NULL
mallards,mælərdz,0,0,NULL
malleability,mæliəbɪləti,0,0,NULL
malleable,mæliəbəl,0,0,NULL
mallet,mælət,0,0,NULL
mallow,mælo,0,0,NULL
malls,mɔlz,0,0,NULL
malpractice,mælpræktəs,0,0,NULL
malt,mɔlt,0,0.2,NULL
malted,mɔltəd,0,0,NULL
malting,mɔltɪŋ,0,0,NULL
maltreated,mæltritəd,0,0,NULL
maltreatment,mæltritmənt,0,0,NULL
malts,mɔlts,0,0,NULL
malva,malvə,0,0,NULL
mamas,maməz,0,0,NULL
mamba,mambə,0,0,NULL
mambas,mambəz,0,0,NULL
mammal,mæməl,0,0,NULL
mammary,mæməri,0,0,NULL
mammoth,mæməθ,0,0,NULL
mammoths,mæməθs,0,0,NULL
manageable,mænɪdʒəbəl,0,0,NULL
manatee,mænəti,0,0,NULL
mandarin,mændərən,0,0,NULL
mandarins,mændərənz,0,0,NULL
mandated,mændetəd,0,0,NULL
mandates,mændets,0,0,NULL
mandating,mændetɪŋ,0,0,NULL
mandela,mændɛlə,0,0,NULL
mandible,mændəbəl,0,0,NULL
mandolin,mændəlɪn,0,0,NULL
mandrake,mændrek,0,0,NULL
mandrill,mændrɪl,0,0,NULL
mane,men,0,0,NULL
maned,mend,0,0,NULL
manes,menz,0,0,NULL
manfully,mænfəli,0,0,NULL
manganese,mæŋgəniz,0,0,NULL
mange,mendʒ,0,0,NULL
manger,mendʒər,0,0,NULL
mangle,mæŋgəl,0,0,NULL
mangling,mæŋgəlɪŋ,0,0,NULL
mango,mæŋgo,0,0,NULL
mangrove,mængrov,0,0,NULL
manhandle,mænhændəl,0,0,NULL
manhandled,mænhændəld,0,0,NULL
manhole,mænhol,0,0,NULL
manhunt,mænhənt,0,0,NULL
mania,meniə,0,0,NULL
maniac,meniæk,0,0.25,NULL
maniacal,mənajəkəl,0,0,NULL
maniacs,meniæks,0,0,NULL
manicure,mænɪkjər,0,0,NULL
manicured,mænɪkjərd,0,0,NULL
manifesting,mænəfɛstɪŋ,0,0,NULL
manifesto,mænəfɛsto,0,0,NULL
manifests,mænəfɛsts,0,0,NULL
manila,mənɪlə,0,0,NULL
manipulates,mənɪpjəlets,0,0,NULL
manipulative,mənɪpjəletɪv,0,0,NULL
manipulator,mənɪpjəletər,0,0,NULL
manipulators,mənɪpjəletərz,0,0,NULL
manmade,mænmed,0,0,NULL
manna,mænə,0,0,NULL
mannequin,mænəkɪn,0,0,NULL
mannequins,mænəkɪnz,0,0,NULL
mannered,mænərd,0,0,NULL
mannerism,mænərɪzəm,0,0,NULL
mannerisms,mænərɪzəmz,0,0,NULL
mannerist,mænərəst,0,0,NULL
manor,mænər,0,0,NULL
manors,mænərz,0,0,NULL
mantis,mæntɪs,0,0,NULL
mantles,mæntəlz,0,0,NULL
mantra,mæntrə,0,0,NULL
manufactures,mænjəfæktʃərz,0,0,NULL
maoist,mawɪst,0,0,NULL
maoists,mawɪsts,0,0,NULL
maori,mawri,0,0,NULL
maputo,məputo,0,0,NULL
mar,mar,0,0,NULL
mara,marə,0,0,NULL
marathons,mɛrəθanz,0,0,NULL
marauders,mərɔdərz,0,0,NULL
marauding,mərɔdɪŋ,0,0,NULL
marbled,marbəld,0,0,NULL
marcher,martʃər,0,0,NULL
marchers,martʃərz,0,0,NULL
mares,mɛrz,0,0,NULL
margarine,mardʒərən,0,0,NULL
marginally,mardʒənəli,0,0.25,NULL
marigold,mɛrəgold,0,0,NULL
marigolds,mɛrəgoldz,0,0,NULL
marinate,mɛrənet,0,0,NULL
marinated,mɛrənetəd,0,0,NULL
mariner,mɛrənər,0,0,NULL
mariners,mɛrənərz,0,0,NULL
markers,markərz,0,0,NULL
marketability,markətəbɪləti,0,0,NULL
marketeer,markətɪr,0,0,NULL
marketeers,markətɪrz,0,0,NULL
marketer,markətər,0,0,NULL
marketplace,markətples,0,0,NULL
marksmanship,marksmənʃɪp,0,0,NULL
marksmen,marksmɛn,0,0,NULL
markup,markəp,0,0,NULL
markups,markəps,0,0,NULL
marmalade,marməled,0,0,NULL
marmoset,marməzɛt,0,0,NULL
marooned,mərund,0,0,NULL
marquee,marki,0,0,NULL
marques,marks,0,0,NULL
marquess,markwəs,0,0,NULL
marries,mɛriz,0,0,NULL
marring,marɪŋ,0,0,NULL
marshalled,marʃəld,0,0,NULL
marshals,marʃəlz,0,0,NULL
marshland,marʃlænd,0,0,NULL
marshmallow,marʃmɛlo,0,0,NULL
marshmallows,marʃmɛloz,0,0,NULL
marshy,marʃi,0,0,NULL
marsupial,marsupiəl,0,0,NULL
mart,mart,0,0,NULL
marten,martən,0,0,NULL
martens,martənz,0,0,NULL
martial,marʃəl,0,0,NULL
martingale,martɪŋel,0,0,NULL
martini,martini,0,0,NULL
martins,martɪnz,0,0,NULL
martyrdom,martərdəm,0,0,NULL
martyred,martərd,0,0,NULL
martyrs,martərz,0,0,NULL
marvels,marvəlz,0,0,NULL
marxism,marksɪzəm,0,0,NULL
marxist,marksəst,0,0,NULL
marxists,marksəsts,0,0,NULL
mas,maz,0,0,NULL
mascara,mæskɛrə,0,0,NULL
mascot,mæskat,0,0,NULL
mascots,mæskats,0,0,NULL
masculinity,mæskjəlɪnəti,0,0,NULL
maser,mezər,0,0,NULL
mash,mæʃ,0,0,NULL
mashed,mæʃt,0,0.2,NULL
masks,mæsks,0,0.285714,NULL
masochism,mæsəkɪzəm,0,0,NULL
masochist,mæsəkəst,0,0,NULL
masochistic,mæsəkɪstɪk,0,0,NULL
masonic,məsanɪk,0,0,NULL
masquerade,mæskəred,0,0,NULL
masquerading,mæskəredɪŋ,0,0,NULL
massacre,mæsəkər,0,0,NULL
massacred,mæsəkərd,0,0,NULL
massacres,mæsɪkərz,0,0,NULL
massacring,mæsəkərɪŋ,0,0,NULL
massaged,məsaʒd,0,0,NULL
massager,məsaʒər,0,0,NULL
massages,məsaʒəz,0,0,NULL
massif,mæsif,0,0,NULL
massively,mæsɪvli,0,0,NULL
mastectomy,mæstɛktəmi,0,0,NULL
masted,mæstəd,0,0,NULL
masterfully,mæstərfəli,0,0,NULL
mastering,mæstərɪŋ,0,0,NULL
masterly,mæstərli,0,0,NULL
mastermind,mæstərmajnd,0,0,NULL
masterminded,mæstərmajndəd,0,0,NULL
masterminding,mæstərmajndɪŋ,0,0,NULL
masterpieces,mæstərpisəz,0,0,NULL
masterwork,mæstərwərk,0,0,NULL
masterworks,mæstərwərks,0,0,NULL
masthead,mæsthɛd,0,0,NULL
mastiff,mæstəf,0,0,NULL
mastodon,mæstədɔn,0,0,NULL
matador,mætədɔr,0,0,NULL
matchbox,mætʃbaks,0,0,NULL
matchmaker,mætʃmekər,0,0,NULL
matchmaking,mætʃmekɪŋ,0,0.25,NULL
mater,matər,0,0,NULL
materialist,mətɪriələst,0,0,NULL
materiality,mətɪriæləti,0,0,NULL
materially,mətɪriəli,0,0,NULL
maternity,mətərnəti,0,0,NULL
mathematicians,mæθəmətɪʃənz,0,0,NULL
matinee,mætəne,0,0,NULL
matriarch,metriark,0,0,NULL
matriarchal,metriarkəl,0,0,NULL
matriarchy,metriarki,0,0,NULL
matrilineal,mætrəlɪniəl,0,0,NULL
matrimonial,mætrəmoniəl,0,0,NULL
matrix,metrɪks,0,0.2,NULL
matronly,metrənli,0,0,NULL
matrons,metrənz,0,0,NULL
matte,mæt,0,0,NULL
mattress,mætrəs,0,0,NULL
mattresses,mætrəsəz,0,0,NULL
maturation,mætʃəreʃən,0,0,NULL
matures,mətʃʊrz,0,0,NULL
maturing,mətʃʊrɪŋ,0,0,NULL
maudlin,mɔdlɪn,0,0,NULL
maul,mɔl,0,0,NULL
mauled,mɔld,0,0,NULL
mauler,mɔlər,0,0,NULL
mausoleum,mɔsəliəm,0,0,NULL
mauve,mɔv,0,0,NULL
mavericks,mævərɪks,0,0,NULL
maw,mɔ,0,0,NULL
mawkish,mɔkɪʃ,0,0,NULL
maxi,mæksi,0,0,NULL
maxim,mæksəm,0,0,NULL
maxima,mæksəmə,0,0,NULL
maximal,mæksəməl,0,0,NULL
maxims,mæksəmz,0,0,NULL
maya,majə,0,0,NULL
mayday,mede,0,0,NULL
mayhem,mehɛm,0,0.142857,NULL
mayonnaise,meənez,0,0,NULL
mayoral,meərəl,0,0,NULL
mayoralty,meərəlti,0,0,NULL
mayors,meərz,0,0,NULL
mazes,mezəz,0,0,NULL
meadowland,mɛdolænd,0,0,NULL
mealtime,miltajm,0,0,NULL
mealy,mili,0,0,NULL
meander,miændər,0,0,NULL
meandered,miændərd,0,0,NULL
meanders,miændərz,0,0,NULL
meaner,minər,0,0,NULL
meanest,minəst,0,0,NULL
meaningfully,minɪŋfəli,0,0,NULL
meany,mini,0,0,NULL
measles,mizəlz,0,0,NULL
measly,mizli,0,0,NULL
measurably,mɛʒərəbli,0,0,NULL
meatball,mitbɔl,0,0,NULL
meatballs,mitbɔlz,0,0,NULL
meatier,mitiər,0,0,NULL
meatless,mitləs,0,0,NULL
mechanistic,mɛkənɪstɪk,0,0,NULL
medallion,mədæljən,0,0,NULL
medallions,mədæljənz,0,0,NULL
meddle,mɛdəl,0,0,NULL
meddlesome,mɛdəlsəm,0,0,NULL
medial,midiəl,0,0,NULL
mediate,midiet,0,0,NULL
mediated,midietəd,0,0,NULL
mediating,midietɪŋ,0,0,NULL
mediation,midieʃən,0,0,NULL
mediator,midietər,0,0,NULL
mediators,midietərz,0,0,NULL
medicate,mɛdɪket,0,0,NULL
medicated,mɛdɪketəd,0,0,NULL
meditate,mɛdətet,0,0.25,NULL
meditation,mɛdəteʃən,0,0.142857,NULL
medlar,mɛdlər,0,0,NULL
medley,mɛdli,0,0,NULL
medulla,mədələ,0,0,NULL
medusa,mədusə,0,0,NULL
meekly,mikli,0,0,NULL
mega,mɛgə,0,0,NULL
megabyte,mɛgəbajt,0,0,NULL
megabytes,mɛgəbajts,0,0,NULL
megahertz,mɛgəhərts,0,0,NULL
megalomania,mɛgəlomeniə,0,0,NULL
megalomaniac,mɛgəlomeniæk,0,0,NULL
megaphone,mɛgəfon,0,0,NULL
megawatt,mɛgəwat,0,0,NULL
megawatts,mɛgəwats,0,0,NULL
meiosis,majosəs,0,0,NULL
melancholic,mɛlənkalɪk,0,0,NULL
melange,mɛlæŋ,0,0,NULL
melanin,mɛlənɪn,0,0,NULL
melanoma,mɛlənomə,0,0,NULL
melatonin,mɛlətonən,0,0,NULL
meld,mɛld,0,0,NULL
mellow,mɛlo,0,0,NULL
mellowing,mɛloɪŋ,0,0,NULL
melodious,məlodiəs,0,0,NULL
melodramas,mɛlədraməz,0,0,NULL
melon,mɛlən,0,0.2,NULL
melons,mɛlənz,0,0,NULL
meltdown,mɛltdawn,0,0,NULL
melts,mɛlts,0,0,NULL
memberships,mɛmbərʃɪps,0,0,NULL
membranes,mɛmbrenz,0,0,NULL
memento,məmɛnto,0,0,NULL
memo,mɛmo,0,0.25,NULL
memoir,mɛmwar,0,0,NULL
memorabilia,mɛmərəbiljə,0,0,NULL
memorably,mɛmərəbli,0,0,NULL
memoranda,mɛmərændə,0,0,NULL
memorandum,mɛmərændəm,0,0,NULL
memorandums,mɛmərændəmz,0,0,NULL
menacingly,mɛnəsɪŋli,0,0,NULL
menagerie,mənædʒəri,0,0,NULL
mendacity,mɛndæsəti,0,0,NULL
mended,mɛndəd,0,0,NULL
mendel,mɛndəl,0,0,NULL
menial,miniəl,0,0,NULL
meningitis,mɛnəndʒajtəs,0,0,NULL
menopausal,mɛnəpawzəl,0,0,NULL
menopause,mɛnəpaws,0,0,NULL
menorah,mənɔrə,0,0,NULL
menstrual,mɛnstruəl,0,0,NULL
menstruation,mɛnstrueʃən,0,0,NULL
menswear,mɛnzwer,0,0,NULL
menthol,mɛnθɔl,0,0,NULL
mentor,mɛntɔr,0,0,NULL
mentors,mɛntərz,0,0,NULL
meow,miaw,0,0,NULL
mercantile,mərkəntajl,0,0,NULL
mercenary,mərsənɛri,0,0,NULL
merchandise,mərtʃəndajz,0,0,NULL
merchantmen,mərtʃəntmɛn,0,0,NULL
mercies,mərsiz,0,0,NULL
merciful,mərsəfəl,0,0,NULL
mercurial,mərkjʊriəl,0,0,NULL
mercuric,mərkjʊrɪk,0,0,NULL
meridian,mərɪdiən,0,0,NULL
merino,mərino,0,0,NULL
merited,mɛrətəd,0,0,NULL
meritocracy,mɛrətɔkrəsi,0,0,NULL
mermaid,mərmed,0,0,NULL
mermaids,mərmedz,0,0,NULL
merman,mərmæn,0,0,NULL
merrier,mɛriər,0,0,NULL
mescaline,mɛskəlin,0,0,NULL
meshed,mɛʃt,0,0,NULL
meshes,mɛʃəz,0,0,NULL
meshing,mɛʃɪŋ,0,0,NULL
mesolithic,mɛzəlɪθɪk,0,0,NULL
meson,mezan,0,0,NULL
mesons,mizanz,0,0,NULL
mesozoic,mɛsəzoɪk,0,0,NULL
messaging,mɛsɪdʒɪŋ,0,0,NULL
messengers,mɛsəndʒərz,0,0,NULL
messiah,məsajə,0,0,NULL
messier,mɛsiər,0,0,NULL
mestizo,mɛstizo,0,0,NULL
metabolism,mətæbəlɪzəm,0,0.2,NULL
metabolisms,mətæbəlɪzəmz,0,0,NULL
metallurgical,mɛtələrdʒɪkəl,0,0,NULL
metallurgy,mɛtələrdʒi,0,0,NULL
metalwork,mɛtəlwərk,0,0,NULL
metalworking,mɛtəlwərkɪŋ,0,0,NULL
metamorphic,mɛtəmɔrfɪk,0,0,NULL
metamorphose,mɛtəmɔrfoz,0,0,NULL
metaphor,mɛtəfɔr,0,0,NULL
metaphorical,mɛtəfɔrɪkəl,0,0,NULL
metaphorically,mɛtəfɔrɪkli,0,0,NULL
meted,mitəd,0,0,NULL
meteoric,mitiɔrɪk,0,0,NULL
meteorologist,mitiəralədʒəst,0,0,NULL
meteorologists,mitiəralədʒəsts,0,0,NULL
meteorology,mitiəralədʒi,0,0,NULL
methadone,mɛθədon,0,0,NULL
methane,mɛθen,0,0,NULL
methanol,mɛθənal,0,0,NULL
methodological,mɛθədəladʒɪkəl,0,0,NULL
methodologies,mɛθodalədʒiz,0,0,NULL
methyl,mɛθəl,0,0,NULL
methylene,mɛθəlin,0,0,NULL
meticulous,mətɪkjələs,0,0,NULL
metier,mɛtjər,0,0,NULL
metric,mɛtrɪk,0,0.25,NULL
metrically,mɛtrɪkəli,0,0,NULL
metrics,mɛtrɪks,0,0,NULL
mew,mju,0,0,NULL
mezzanine,mɛzənin,0,0,NULL
miasma,miæzmə,0,0,NULL
mica,majkə,0,0,NULL
microbe,majkrob,0,0,NULL
microbes,majkrobz,0,0,NULL
microbial,majkrobiəl,0,0,NULL
microbiologist,majkrobialədʒəst,0,0,NULL
microbiology,majkrobajalədʒi,0,0,NULL
microchip,majkrotʃɪp,0,0,NULL
microchips,majkrotʃɪps,0,0,NULL
microcode,majkrokod,0,0,NULL
microcomputer,majkrokəmpjutər,0,0,NULL
microcomputers,majkrokəmpjutərz,0,0,NULL
microcosm,majkrəkazəm,0,0,NULL
microelectronic,majkroəlɛktranɪk,0,0,NULL
microelectronics,majkroəlɛktranɪks,0,0,NULL
microfiche,majkrofitʃ,0,0,NULL
microfilm,majkrəfɪlm,0,0,NULL
micrograms,majkrogræmz,0,0,NULL
micrometer,majkramətər,0,0,NULL
micron,majkran,0,0,NULL
microorganism,majkroɔrgənɪzəm,0,0,NULL
microprocessor,majkroprasɛsər,0,0,NULL
microprocessors,majkroprasɛsərz,0,0,NULL
microscopes,majkrəskops,0,0,NULL
microscopy,majkrəskəpi,0,0,NULL
microwave,majkrəwev,0,0.2,NULL
microwaved,majkrowevd,0,0,NULL
midafternoon,mɪdæftərnun,0,0,NULL
midas,majdəs,0,0,NULL
middleman,mɪdəlmæn,0,0,NULL
middlemen,mɪdəlmɛn,0,0,NULL
middleweight,mɪdəlwet,0,0,NULL
middling,mɪdəlɪŋ,0,0,NULL
midflight,mɪdflajt,0,0,NULL
midges,mɪdʒəz,0,0,NULL
midget,mɪdʒət,0,0,NULL
midgets,mɪdʒəts,0,0,NULL
midi,midi,0,0,NULL
midland,mɪdlænd,0,0,NULL
midlands,mɪdlændz,0,0,NULL
midlife,mɪdlajf,0,0,NULL
midline,mɪdlajn,0,0,NULL
midmorning,mɪdmɔrnɪŋ,0,0,NULL
midstream,mɪdstrim,0,0,NULL
midwife,mɪdwajf,0,0,NULL
midwifery,mɪdwajfəri,0,0,NULL
midwinter,mɪdwɪntər,0,0,NULL
midwives,mɪdwajvz,0,0,NULL
mien,min,0,0,NULL
mightier,majtiər,0,0,NULL
mightiest,majtiəst,0,0,NULL
mightily,majtəli,0,0,NULL
migraine,majgren,0,0,NULL
migrants,majgrənts,0,0,NULL
migrated,majgretəd,0,0,NULL
migrating,majgretɪŋ,0,0,NULL
migrations,majgreʃənz,0,0,NULL
mikes,majks,0,0,NULL
mildest,majldəst,0,0,NULL
mildew,mɪldu,0,0,NULL
mildews,mɪlduz,0,0,NULL
miler,majlər,0,0,NULL
milestones,majlstonz,0,0,NULL
milieu,mɪljʊ,0,0,NULL
militancy,mɪlətənsi,0,0,NULL
militantly,mɪlətəntli,0,0,NULL
militants,mɪlətənts,0,0,NULL
militarily,mɪlətɛrəli,0,0,NULL
militaristic,mɪlətərɪstɪk,0,0,NULL
militate,mɪlətet,0,0,NULL
militiamen,məlɪʃəmɛn,0,0,NULL
militias,məlɪʃəz,0,0,NULL
milked,mɪlkt,0,0,NULL
milking,mɪlkɪŋ,0,0,NULL
milkman,mɪlkmæn,0,0,NULL
milks,mɪlks,0,0,NULL
milkshake,mɪlkʃek,0,0,NULL
milled,mɪld,0,0,NULL
millennial,məlɛniəl,0,0,NULL
millers,mɪlərz,0,0,NULL
millet,mɪlət,0,0,NULL
milliner,mɪlənər,0,0,NULL
millionaire,mɪljənɛr,0,0,NULL
millionaires,mɪljənɛrz,0,0,NULL
millionth,mɪljənθ,0,0,NULL
millionths,mɪljəntθs,0,0,NULL
millisecond,mɪlɪsɛkənd,0,0,NULL
milliseconds,mɪlɪsɛkəndz,0,0,NULL
millstone,mɪlston,0,0,NULL
mime,majm,0,0,NULL
mimic,mɪmɪk,0,0,NULL
mimicked,mɪmɪkt,0,0,NULL
mimicking,mɪmɪkɪŋ,0,0,NULL
mimicry,mɪmɪkri,0,0,NULL
mimics,mɪmɪks,0,0,NULL
mimosa,məmosə,0,0,NULL
minaret,mɪnərɛt,0,0,NULL
mince,mɪns,0,0,NULL
minced,mɪnst,0,0,NULL
mincemeat,mɪnsmit,0,0,NULL
mincer,mɪnsər,0,0,NULL
mincing,mɪnsɪŋ,0,0,NULL
mindboggling,majndbɔglɪŋ,0,0,NULL
mindedness,majndədnəs,0,0,NULL
minder,majndər,0,0,NULL
minding,majndɪŋ,0,0,NULL
mindless,majndləs,0,0,NULL
mindlessly,majndləsli,0,0,NULL
mindset,majndsɛt,0,0,NULL
mined,majnd,0,0,NULL
minefield,majnfild,0,0,NULL
minefields,majnfildz,0,0,NULL
minesweeper,majnswipər,0,0,NULL
minesweepers,majnswipərz,0,0,NULL
mineworkers,majnwərkərz,0,0,NULL
mingle,mɪŋgəl,0,0,NULL
mingles,mɪŋgəlz,0,0,NULL
mingling,mɪŋgəlɪŋ,0,0,NULL
minibus,mɪnibəs,0,0,NULL
minibuses,mɪnibəsəz,0,0,NULL
minicomputer,mɪnikəmpjutər,0,0,NULL
minicomputers,mɪnikəmpjutərz,0,0,NULL
minimalism,mɪnəməlɪzəm,0,0,NULL
minimalist,mɪnəməlɪst,0,0,NULL
minimally,mɪnəməli,0,0,NULL
minion,mɪnjən,0,0,NULL
minions,mɪnjənz,0,0,NULL
miniskirt,mɪniskərt,0,0,NULL
ministerial,mɪnəstiriəl,0,0,NULL
ministering,mɪnəstrɪŋ,0,0,NULL
ministration,mɪnəstreʃən,0,0,NULL
ministries,mɪnəstriz,0,0,NULL
minke,mɪŋk,0,0,NULL
minks,mɪŋks,0,0,NULL
minnow,mɪno,0,0,NULL
minnows,mɪnoz,0,0,NULL
minster,mɪnstər,0,0,NULL
minstrel,mɪnstrəl,0,0,NULL
minstrels,mɪnstrəlz,0,0,NULL
minted,mɪntəd,0,0,NULL
mintier,mɪntiər,0,0,NULL
minting,mɪntɪŋ,0,0,NULL
mints,mɪnts,0,0,NULL
minuscule,mɪnəskjul,0,0,NULL
minuses,majnəsəz,0,0,NULL
minutely,mɪnətli,0,0,NULL
minutiae,mənuʃiə,0,0,NULL
mirage,məraʒ,0,0,NULL
mirages,məraʒəz,0,0,NULL
mire,majr,0,0,NULL
mired,majrd,0,0,NULL
mires,majrz,0,0,NULL
mirrored,mɪrərd,0,0,NULL
mirroring,mɪrərɪŋ,0,0,NULL
misadventure,mɪsədvɛntʃər,0,0,NULL
misanthrope,mɪsənθrop,0,0,NULL
misapplication,mɪsæpləkeʃən,0,0,NULL
misapply,mɪsəplaj,0,0,NULL
misapprehension,mɪsæprihɛnʃən,0,0,NULL
misappropriated,mɪsəproprietəd,0,0,NULL
misappropriation,mɪsəproprieʃən,0,0,NULL
misbegotten,mɪsbəgatən,0,0,NULL
misbehave,mɪsbəhev,0,0,NULL
misbehaved,mɪsbəhevd,0,0,NULL
misbehaving,mɪsbəhevɪŋ,0,0,NULL
miscalculate,mɪskælkjəlet,0,0,NULL
miscalculated,mɪskælkjəletəd,0,0,NULL
miscalculation,mɪskælkjəleʃən,0,0,NULL
miscalculations,mɪskælkjəleʃənz,0,0,NULL
miscarriage,mɪskɛrədʒ,0,0,NULL
miscarriages,mɪskɛrɪdʒəz,0,0,NULL
miscast,mɪskæst,0,0,NULL
miscellany,mɪsəleni,0,0,NULL
miscible,mɪsəbəl,0,0,NULL
misconceived,mɪskənsivd,0,0,NULL
misconduct,mɪskandəkt,0,0,NULL
misconstrued,mɪskənstrud,0,0,NULL
miscount,mɪskawnt,0,0,NULL
miscreant,mɪskriənt,0,0,NULL
miscreants,mɪskriənts,0,0,NULL
miscue,mɪskju,0,0,NULL
miscues,mɪskjuz,0,0,NULL
misdeed,mɪsdid,0,0,NULL
misdiagnosis,mɪsdajɪgnosəs,0,0,NULL
misdirect,mɪsdɪrɛkt,0,0,NULL
misdirected,mɪsdɪrɛktəd,0,0,NULL
miser,majzər,0,0,NULL
miseries,mɪzəriz,0,0,NULL
miserly,majzərli,0,0,NULL
misfire,mɪsfajər,0,0,NULL
misfit,mɪsfɪt,0,0,NULL
misfits,mɪsfɪts,0,0,NULL
misfortunes,mɪsfɔrtʃənz,0,0,NULL
misgive,mɪsgɪv,0,0,NULL
misgiving,mɪsgɪvɪŋ,0,0,NULL
misgovernment,mɪsgəvərnmənt,0,0,NULL
misguide,mɪsgajd,0,0,NULL
misguided,mɪsgajdəd,0,0.25,NULL
mishandle,mɪshændəl,0,0,NULL
mishandled,mɪshændəld,0,0,NULL
mishandling,mɪshændlɪŋ,0,0,NULL
mishaps,mɪshæps,0,0,NULL
mishear,mɪshir,0,0,NULL
misheard,mɪshərd,0,0,NULL
misidentification,mɪsajdɛntəfɪkeʃən,0,0,NULL
misinform,mɪsɪnfɔrm,0,0,NULL
misinformation,mɪsɪnfərmeʃən,0,0,NULL
misinformed,mɪsɪnfɔrmd,0,0,NULL
misinterpretation,mɪsɪntərprəteʃən,0,0,NULL
misinterpreting,mɪsɪntərprətɪŋ,0,0,NULL
misjudge,mɪsdʒədʒ,0,0,NULL
misjudgment,mɪsdʒədʒmənt,0,0,NULL
mislaid,mɪsled,0,0,NULL
mislead,mɪslid,0,0,NULL
misleadingly,mɪslidɪŋli,0,0,NULL
misleads,mɪslidz,0,0,NULL
mismanage,mɪsmænɪdʒ,0,0,NULL
mismanaged,mɪsmænɪdʒd,0,0,NULL
mismanagement,mɪsmænɪdʒmənt,0,0,NULL
mismatch,mɪsmætʃ,0,0,NULL
mismatched,mɪsmætʃt,0,0,NULL
mismatches,mɪsmætʃəz,0,0,NULL
misnomer,mɪsnomər,0,0,NULL
misogynist,mɪzədʒənəst,0,0,NULL
misogyny,mɪzədʒəni,0,0,NULL
misplace,mɪsples,0,0,NULL
misprint,mɪsprɪnt,0,0,NULL
mispronounced,mɪsprənawnst,0,0,NULL
misquote,mɪskwot,0,0,NULL
misquoted,mɪskwotəd,0,0,NULL
misread,mɪsrid,0,0,NULL
misreading,mɪsridɪŋ,0,0,NULL
misremember,mɪsrimɛmbər,0,0,NULL
misremembered,mɪsrimɛmbərd,0,0,NULL
misrepresent,mɪsrɛprəzɛnt,0,0,NULL
misrepresentation,mɪsrɛprəzɛnteʃən,0,0,NULL
misrepresentations,mɪsrɛprəzɛnteʃənz,0,0,NULL
misrepresented,mɪsrɛprəzɛntəd,0,0,NULL
misrepresenting,mɪsrɛprəzɛntɪŋ,0,0,NULL
misrule,mɪsrul,0,0,NULL
missal,mɪsəl,0,0,NULL
misshapen,mɪsʃepən,0,0,NULL
missive,mɪsɪv,0,0,NULL
misspell,mɪsspɛl,0,0,NULL
misspelled,mɪsspɛld,0,0,NULL
misspelling,mɪsspɛlɪŋ,0,0,NULL
misspend,mɪsspɛnd,0,0,NULL
misspent,mɪsspɛnt,0,0,NULL
misstatement,mɪstetmənt,0,0,NULL
missteps,mɪsstɛps,0,0,NULL
missus,mɪsəz,0,0,NULL
missy,mɪsi,0,0,NULL
mistakenly,mɪstekənli,0,0,NULL
misters,mɪstərz,0,0,NULL
mistletoe,mɪsəlto,0,0,NULL
mistook,mɪstʊk,0,0,NULL
mistreat,mɪstrit,0,0,NULL
mistreated,mɪstritəd,0,0,NULL
mistreating,mɪstritɪŋ,0,0,NULL
mistreatment,mɪstritmənt,0,0,NULL
mistresses,mɪstrəsəz,0,0,NULL
mistrusted,mɪstrəstəd,0,0,NULL
mistrustful,mɪstrəstfəl,0,0,NULL
mists,mɪsts,0,0,NULL
misunderstand,mɪsəndərstænd,0,0,NULL
misunderstandings,mɪsəndərstændɪŋz,0,0,NULL
misunderstands,mɪsəndərstændz,0,0,NULL
misused,mɪsjuzd,0,0,NULL
misuses,mɪsjuzəz,0,0,NULL
misusing,mɪsjuzɪŋ,0,0,NULL
mite,majt,0,0,NULL
mites,majts,0,0,NULL
mitigate,mɪtəget,0,0,NULL
mitigated,mɪtəgetəd,0,0,NULL
mitigating,mɪtəgetɪŋ,0,0,NULL
mitigation,mɪtɪgeʃən,0,0,NULL
mitre,mɪtri,0,0,NULL
mitt,mɪt,0,0,NULL
mitten,mɪtən,0,0,NULL
mitts,mɪts,0,0,NULL
mixers,mɪksərz,0,0,NULL
mixes,mɪksəz,0,0,NULL
mixup,mɪksəp,0,0,NULL
mnemonic,nəmanɪk,0,0,NULL
mnemonics,nəmanɪks,0,0,NULL
moan,mon,0,0,NULL
moaning,monɪŋ,0,0,NULL
moat,mot,0,0,NULL
moats,mots,0,0,NULL
mobbed,mabd,0,0,NULL
mobiles,mobəlz,0,0,NULL
mobster,mabstər,0,0,NULL
mobsters,mabstərz,0,0,NULL
moccasin,makəsɪn,0,0,NULL
moccasins,makəsɪnz,0,0,NULL
mockery,makəri,0,0,NULL
mockingbird,makɪŋbərd,0,0,NULL
mocks,maks,0,0,NULL
modalities,mədælətiz,0,0,NULL
modality,mədæləti,0,0,NULL
modem,modəm,0,0,NULL
modems,modəmz,0,0,NULL
moderated,madəretəd,0,0,NULL
moderating,madəretɪŋ,0,0,NULL
modernism,madərnɪzəm,0,0,NULL
modernist,madərnəst,0,0,NULL
modernists,madərnəsts,0,0,NULL
modicum,madɪkəm,0,0,NULL
modifies,madəfajz,0,0,NULL
modulate,mɔdʒjulet,0,0,NULL
modulated,mɔdʒjuletəd,0,0,NULL
modulator,madʒəletər,0,0,NULL
module,madʒul,0,0,NULL
mogul,mogəl,0,0,NULL
moguls,mogəlz,0,0,NULL
mohair,mohɛr,0,0,NULL
molasses,məlæsəz,0,0,NULL
moldy,moldi,0,0,NULL
molehill,molhɪl,0,0,NULL
moles,molz,0,0,NULL
molest,məlɛst,0,0,NULL
molestation,molɛsteʃən,0,0,NULL
molested,məlɛstəd,0,0,NULL
molester,məlɛstər,0,0,NULL
molesters,məlɛstərz,0,0,NULL
molesting,məlɛstɪŋ,0,0,NULL
molests,məlɛsts,0,0,NULL
mollified,maləfajd,0,0,NULL
molten,moltən,0,0,NULL
molybdenum,məlɪbdɛnəm,0,0,NULL
monaco,manəko,0,0,NULL
monarchies,manarkiz,0,0,NULL
monarchist,manarkɪst,0,0,NULL
monarchists,manarkɪsts,0,0,NULL
monarchs,manarks,0,0,NULL
monarchy,manarki,0,0,NULL
monasteries,manəstɛriz,0,0,NULL
monastery,manəstɛri,0,0,NULL
monasticism,mənæstəsɪzəm,0,0,NULL
mondays,məndiz,0,0,NULL
monetarism,manətərɪzəm,0,0,NULL
monetarist,manətərɪst,0,0,NULL
monetarists,manətərɪsts,0,0,NULL
moneyed,mənid,0,0,NULL
moneyless,məniləs,0,0,NULL
moneys,məniz,0,0,NULL
monger,məŋgər,0,0,NULL
mongers,məŋgərz,0,0,NULL
mongol,maŋgəl,0,0,NULL
mongols,maŋgəlz,0,0,NULL
mongoose,maŋgus,0,0,NULL
monies,məniz,0,0.25,NULL
monkeying,məŋkiɪŋ,0,0,NULL
mono,mono,0,0,NULL
monochromatic,manəkromætɪk,0,0,NULL
monochrome,manəkrom,0,0,NULL
monocle,manəkəl,0,0,NULL
monoclonal,manəklonəl,0,0,NULL
monogamous,mənagəməs,0,0,NULL
monogamy,mənagəmi,0,0,NULL
monogram,manəgræm,0,0,NULL
monogrammed,manəgræmd,0,0,NULL
monograph,manəgræf,0,0,NULL
monolingual,manəlɪŋgwəl,0,0,NULL
monolith,manəlɪθ,0,0,NULL
monolithic,manəlɪθɪk,0,0,NULL
monoliths,manəlɪθs,0,0,NULL
monologues,manəlɔgz,0,0,NULL
monomer,manəmər,0,0,NULL
monomers,manəmərz,0,0,NULL
monophonic,manəfanɪk,0,0,NULL
monoplane,manəplen,0,0,NULL
monopole,manəpol,0,0,NULL
monopoles,manəpolz,0,0,NULL
monopolist,mənapələst,0,0,NULL
monopolistic,mənapəlɪstɪk,0,0,NULL
monorail,manərel,0,0,NULL
monotheism,manəθiɪzəm,0,0,NULL
monotone,manəton,0,0,NULL
monoxide,mənaksajd,0,0,NULL
monsoon,mansun,0,0,NULL
monsoons,mansunz,0,0,NULL
montage,mantaʒ,0,0,NULL
monumentally,manjəmɛntəli,0,0,NULL
moo,muː,0,0,NULL
moonbeam,munbim,0,0,NULL
moonlighting,munlajtɪŋ,0,0,NULL
moonshine,munʃajn,0,0,NULL
moor,mʊr,0,0,NULL
mooring,mʊrɪŋ,0,0,NULL
moorings,murɪŋz,0,0,NULL
moorland,mʊrlænd,0,0,NULL
moorlands,mʊrlændz,0,0,NULL
moors,mʊrz,0,0,NULL
moos,muz,0,0,NULL
moose,mus,0,0,NULL
mop,map,0,0,NULL
mope,mop,0,0,NULL
moping,mopɪŋ,0,0,NULL
moraine,məren,0,0,NULL
morales,mərælz,0,0,NULL
moralism,mɔrəlɪzəm,0,0,NULL
moralistic,mɔrəlɪstɪk,0,0,NULL
moralists,mɔrələsts,0,0,NULL
morasses,məræsəz,0,0,NULL
moratorium,mɔrətɔriəm,0,0,NULL
moray,məre,0,0,NULL
morays,mərez,0,0,NULL
morbid,mɔrbəd,0,0,NULL
morbidity,mɔrbɪdəti,0,0,NULL
mordant,mɔrdənt,0,0,NULL
mores,mɔrez,0,0,NULL
morgue,mɔrg,0,0,NULL
moribund,mɔrəbənd,0,0,NULL
mormons,mɔrmənz,0,0,NULL
moron,mɔran,0,0,NULL
morph,mɔrf,0,0,NULL
morphine,mɔrfin,0,0.2,NULL
morphogenesis,mɔrfədʒɛnəsəs,0,0,NULL
morrow,maro,0,0,NULL
morsels,mɔrsəlz,0,0,NULL
mortally,mɔrtəli,0,0,NULL
mortars,mɔrtərz,0,0,NULL
mortgaged,mɔrgɪdʒd,0,0,NULL
mortgaging,mɔrgɪdʒɪŋ,0,0,NULL
mortified,mɔrtəfajd,0,0,NULL
mortify,mɔrtəfaj,0,0,NULL
mortuary,mɔrtʃuɛri,0,0,NULL
mosaics,mozeɪks,0,0,NULL
mosques,masks,0,0,NULL
mosquito,məskito,0,0,NULL
mosses,mɔsəz,0,0,NULL
motes,mots,0,0,NULL
moth,mɔθ,0,0,NULL
mothball,mɔθbɔl,0,0,NULL
mothballed,mɔθbɔld,0,0,NULL
mothballs,mɔθbɔlz,0,0,NULL
motherhood,məðərhʊd,0,0,NULL
mothering,məðərɪŋ,0,0,NULL
motherland,məðərlænd,0,0,NULL
motherless,məðərləs,0,0,NULL
motherly,məðərli,0,0,NULL
moths,mɔθs,0,0,NULL
motile,motəl,0,0,NULL
motility,motɪləti,0,0,NULL
motivational,motəveʃənəl,0,0,NULL
motivator,motəvetər,0,0,NULL
motorbike,motərbajk,0,0,NULL
motorbikes,motərbajks,0,0,NULL
motorcade,motərked,0,0,NULL
motorcar,motərkar,0,0,NULL
motorcars,motərkarz,0,0,NULL
motorcycles,motərsajkəlz,0,0,NULL
motorcyclist,motərsajkələst,0,0,NULL
motorcyclists,motərsajkələsts,0,0,NULL
motoring,motərɪŋ,0,0,NULL
motorists,motərəsts,0,0,NULL
mould,mold,0,0,NULL
moulder,moldər,0,0,NULL
moulding,moldɪŋ,0,0,NULL
mouldings,moldɪŋz,0,0,NULL
moulds,moldz,0,0,NULL
mouldy,moldi,0,0,NULL
mountaineer,mawntənɪr,0,0,NULL
mountainsides,mawntənsajdz,0,0,NULL
mounties,mawntiz,0,0,NULL
mourn,mɔrn,0,0,NULL
mourner,mɔrnər,0,0,NULL
mourns,mɔrnz,0,0,NULL
mousetrap,mawstræp,0,0,NULL
mousse,mus,0,0,NULL
moustache,məstæʃ,0,0,NULL
mouthed,mawðd,0,0,NULL
mouthparts,mawθparts,0,0,NULL
mouthpieces,mawθpisəz,0,0,NULL
mouthwash,mawθwaʃ,0,0,NULL
mover,muvər,0,0,NULL
movingly,muvɪŋli,0,0,NULL
mow,mo,0,0,NULL
mower,moər,0,0,NULL
mowers,moərz,0,0,NULL
mowing,mawɪŋ,0,0,NULL
mows,mawz,0,0,NULL
mozart,mozart,0,0,NULL
mrs,mɪsəz,0,0,NULL
mu,mu,0,0,NULL
muck,mək,0,0,NULL
mucky,məki,0,0,NULL
mucous,mjukəs,0,0,NULL
muddier,mədiər,0,0,NULL
muddle,mədəl,0,0,NULL
muddled,mədəld,0,0,NULL
muddles,mədəlz,0,0,NULL
muddling,mədəlɪŋ,0,0,NULL
muddying,mədiɪŋ,0,0,NULL
muds,mədz,0,0,NULL
muffin,məfən,0,0,NULL
muffins,məfənz,0,0,NULL
muffle,məfəl,0,0,NULL
mufflers,məflərz,0,0,NULL
muffs,məfs,0,0,NULL
mugged,məgd,0,0,NULL
mugger,məgər,0,0,NULL
muggers,məgərz,0,0,NULL
mugging,məgɪŋ,0,0,NULL
muggings,məgɪŋz,0,0,NULL
muggy,məgi,0,0,NULL
mulberry,məlbɛri,0,0,NULL
mulches,məltʃəz,0,0,NULL
mulching,məltʃɪŋ,0,0,NULL
mule,mjul,0,0,NULL
mull,məl,0,0,NULL
mullah,mələ,0,0,NULL
mullahs,mələz,0,0,NULL
mulled,məld,0,0,NULL
mullet,mələt,0,0,NULL
mulling,məlɪŋ,0,0,NULL
multicultural,məltikəltʃərəl,0,0,NULL
multiculturalism,məltikəltʃərəlɪzəm,0,0,NULL
multilateral,məltəlætərəl,0,0,NULL
multilateralism,məltəlætərəlɪzəm,0,0,NULL
multilayer,məltileər,0,0,NULL
multilevel,məltajlɛvəl,0,0,NULL
multilingual,məltilɪŋwəl,0,0,NULL
multimedia,məltimidiə,0,0,NULL
multimillion,məltajmɪljən,0,0,NULL
multinational,məltajnæʃənəl,0,0,NULL
multinationals,məltajnæʃənəlz,0,0,NULL
multiples,məltəpəlz,0,0,NULL
multiplex,məltiplɛks,0,0,NULL
multiplexer,məltiplɛksər,0,0,NULL
multiplexers,məltiplɛksərz,0,0,NULL
multiplier,məltəplajər,0,0,NULL
multiplies,məltəplajz,0,0,NULL
multiprocessor,məltiprasɛsər,0,0,NULL
multiracial,məltajreʃəl,0,0,NULL
multitudes,məltətjudz,0,0,NULL
mum,məm,0,0.166667,NULL
mumble,məmbəl,0,0.25,NULL
mumbles,məmbəlz,0,0,NULL
mumbling,məmbəlɪŋ,0,0,NULL
mummies,məmiz,0,0,NULL
mummification,məməfɪkeʃən,0,0,NULL
mummified,məməfajd,0,0,NULL
mummify,məməfaj,0,0,NULL
mummy,məmi,0,0,NULL
mumps,məmps,0,0,NULL
mums,məmz,0,0,NULL
munched,məntʃt,0,0,NULL
munching,məntʃɪŋ,0,0,NULL
mundane,mənden,0,0,NULL
municipality,mjunɪsəpæləti,0,0,NULL
munition,mjunɪʃən,0,0,NULL
mural,mjʊrəl,0,0,NULL
murals,mjʊrəlz,0,0,NULL
murk,mərk,0,0,NULL
murkier,mərkiər,0,0,NULL
murmurs,mərmərz,0,0,NULL
muscat,məskæt,0,0,NULL
muscled,məsəld,0,0,NULL
muscling,məsəlɪŋ,0,0,NULL
musculature,məskjələtʃər,0,0,NULL
muses,mjuzəz,0,0,NULL
mush,məʃ,0,0,NULL
mushroomed,məʃrʊmd,0,0,NULL
mushrooming,məʃrʊmɪŋ,0,0,NULL
mushrooms,məʃrumz,0,0.285714,NULL
mushy,məʃi,0,0,NULL
musicality,mjuzɪkæləti,0,0,NULL
musicianship,mjuzɪʃənʃɪp,0,0,NULL
musicologist,mjuzɪkalədʒəst,0,0,NULL
musing,mjuzɪŋ,0,0,NULL
musings,mjuzɪŋz,0,0,NULL
musk,məsk,0,0,NULL
musketeer,məskətir,0,0,NULL
musketeers,məskətirz,0,0,NULL
musky,məski,0,0,NULL
muslin,məzlən,0,0,NULL
mussel,məsəl,0,0,NULL
mustang,məstæŋ,0,0,NULL
mustangs,məstæŋz,0,0,NULL
muster,məstər,0,0,NULL
mustered,məstərd,0,0,NULL
mustering,məstərɪŋ,0,0,NULL
musters,məstərz,0,0,NULL
musty,məsti,0,0,NULL
mutagens,mjutədʒɛnz,0,0,NULL
mutant,mjutənt,0,0,NULL
mutants,mjutənts,0,0,NULL
mutate,mjutet,0,0,NULL
mutated,mjutetəd,0,0,NULL
mutating,mjutetɪŋ,0,0,NULL
mutation,mjuteʃən,0,0,NULL
mutations,mjuteʃənz,0,0,NULL
mutes,mjuts,0,0,NULL
mutilate,mjutəlet,0,0,NULL
mutilating,mjutəletɪŋ,0,0,NULL
mutilation,mjutəleʃən,0,0,NULL
mutilations,mjutəleʃənz,0,0,NULL
mutineers,mjutənɪrz,0,0,NULL
muting,mjutɪŋ,0,0,NULL
mutinied,mjutənid,0,0,NULL
mutinies,mjutəniz,0,0,NULL
mutinous,mjutənəs,0,0,NULL
mutt,mət,0,0,NULL
mutter,mətər,0,0,NULL
mutterings,mətərɪŋz,0,0,NULL
mutters,mətərz,0,0,NULL
mutts,məts,0,0,NULL
mutuality,mjutʃəwæləti,0,0,NULL
muzzled,məzəld,0,0,NULL
muzzles,məzəlz,0,0,NULL
myelin,majəlɪn,0,0,NULL
myna,majnə,0,0,NULL
myopia,majopiə,0,0,NULL
myopic,majapɪk,0,0,NULL
myriad,mɪriəd,0,0,NULL
myrrh,mər,0,0,NULL
mystic,mɪstɪk,0,0,NULL
mystified,mɪstəfajd,0,0,NULL
mystifies,mɪstəfajz,0,0,NULL
mystify,mɪstəfaj,0,0,NULL
mystifying,mɪstəfajɪŋ,0,0,NULL
mythic,mɪθɪk,0,0,NULL
mythical,mɪθəkəl,0,0,NULL
mythology,məθalədʒi,0,0,NULL
nabbed,næbd,0,0,NULL
nag,næg,0,0,NULL
nagasaki,nagasaki,0,0,NULL
nagged,nægd,0,0,NULL
nags,nægz,0,0,NULL
nailing,nelɪŋ,0,0,NULL
nairobi,najrobi,0,0,NULL
nameplate,nemplet,0,0,NULL
nameplates,nemplets,0,0,NULL
namesake,nemsek,0,0,NULL
namibia,nəmɪbiə,0,0,NULL
namibian,nəmɪbiən,0,0,NULL
nannies,næniz,0,0,NULL
nanny,næni,0,0,NULL
nanosecond,nænosɛkənd,0,0,NULL
nanoseconds,nænosɛkəndz,0,0,NULL
naomi,neomi,0,0,NULL
nap,næp,0,0.2,NULL
napalm,nepam,0,0,NULL
naphtha,næfθə,0,0,NULL
napped,næpt,0,0,NULL
napping,næpɪŋ,0,0,NULL
naps,næps,0,0.25,NULL
narcissism,narsəsɪzəm,0,0,NULL
narcissistic,narsəsɪstɪk,0,0,NULL
narrate,nɛret,0,0,NULL
narrated,nɛretəd,0,0,NULL
narrates,nɛrets,0,0,NULL
narratives,nɛrətɪvz,0,0,NULL
narrators,nɛretərz,0,0,NULL
narrowest,nɛroəst,0,0,NULL
narrowing,nɛroɪŋ,0,0,NULL
narrowness,nɛronəs,0,0,NULL
nasally,nezəli,0,0,NULL
nascent,nesənt,0,0,NULL
nastier,næstiər,0,0,NULL
nastiness,næstinəs,0,0,NULL
natal,netəl,0,0,NULL
nationalistic,næʃənəlɪstɪk,0,0,NULL
nationalists,næʃənələsts,0,0,NULL
nationality,næʃənæləti,0,0,NULL
nationhood,neʃənhʊd,0,0,NULL
nativity,nətɪvəti,0,0,NULL
nattering,nætərɪŋ,0,0,NULL
naturalist,nætʃərələst,0,0,NULL
naturalists,nætʃərələsts,0,0,NULL
naught,nɔt,0,0,NULL
naughty,nɔti,0,0,NULL
nauseate,nɔziet,0,0,NULL
nauseating,nɔʒietɪŋ,0,0,NULL
nauseous,nɔʃəs,0,0,NULL
nautical,nɔtəkəl,0,0,NULL
nave,nev,0,0,NULL
navel,nevəl,0,0,NULL
navies,neviz,0,0,NULL
navigable,nævəgəbəl,0,0,NULL
navigate,nævəget,0,0.2,NULL
navigated,nævəgetəd,0,0,NULL
navigational,nævəgeʃənəl,0,0,NULL
navigators,nævəgetərz,0,0,NULL
nazism,nazɪzəm,0,0,NULL
nears,nɪrz,0,0,NULL
nearsighted,nirsajtəd,0,0,NULL
neater,nitər,0,0,NULL
neatest,nitəst,0,0,NULL
neatness,nitnəs,0,0,NULL
nebula,nɛbjələ,0,0,NULL
necked,nɛkt,0,0,NULL
necromancy,nɛkrəmænsi,0,0,NULL
necropolis,nəkrapələs,0,0,NULL
nectar,nɛktər,0,0,NULL
nee,ni,0,0,NULL
needful,nidfəl,0,0,NULL
neediest,nidiəst,0,0,NULL
needled,nidəld,0,0,NULL
needlework,nidəlwərk,0,0,NULL
needling,nidlɪŋ,0,0,NULL
negated,nəgetəd,0,0,NULL
negates,nəgets,0,0,NULL
negating,nəgetɪŋ,0,0,NULL
negatives,nɛgətɪvz,0,0,NULL
negativism,nɛgətɪvɪzəm,0,0,NULL
negativity,nɛgətɪvəti,0,0,NULL
negev,nɛgɛv,0,0,NULL
neglectful,nɪglɛktfəl,0,0,NULL
neglects,nɪglɛkts,0,0,NULL
negligent,nɛglədʒənt,0,0,NULL
negligently,nɛglɪdʒəntli,0,0,NULL
negotiable,nəgoʃəbəl,0,0,NULL
negotiates,nɪgoʃiets,0,0,NULL
negotiator,nəgoʃietər,0,0,NULL
negotiators,nəgoʃietərz,0,0,NULL
negroid,nigrɔjd,0,0,NULL
nematode,nɛmətod,0,0,NULL
nematodes,nɛmətodz,0,0,NULL
neonatal,nionetəl,0,0,NULL
neophyte,niəfajt,0,0,NULL
neophytes,niəfajts,0,0,NULL
neoplasm,niəplæzəm,0,0,NULL
neoprene,niəprin,0,0,NULL
nepal,nəpɔl,0,0,NULL
nepotism,nɛpətɪzəm,0,0,NULL
neptunium,nɛptuniəm,0,0,NULL
nerds,nərdz,0,0,NULL
nervousness,nərvəsnəs,0,0,NULL
nervy,nərvi,0,0,NULL
nested,nɛstəd,0,0.285714,NULL
nesting,nɛstɪŋ,0,0,NULL
nestle,nɛsəl,0,0,NULL
nestles,nɛsəlz,0,0,NULL
nestling,nɛstlɪŋ,0,0,NULL
nether,nɛðər,0,0,NULL
nett,nɛt,0,0,NULL
netted,nɛtəd,0,0,NULL
netting,nɛtɪŋ,0,0,NULL
nettle,nɛtəl,0,0,NULL
nettled,nɛtəld,0,0,NULL
nettles,nɛtəlz,0,0,NULL
networked,nɛtwərkt,0,0,NULL
networking,nɛtwərkɪŋ,0,0,NULL
neurological,nʊrəladʒɪkəl,0,0,NULL
neurologist,nʊralədʒəst,0,0,NULL
neurologists,nʊralədʒəsts,0,0,NULL
neurology,nʊralədʒi,0,0,NULL
neurons,nʊranz,0,0,NULL
neuroscience,njʊrosajəns,0,0,NULL
neurosis,nʊrosəs,0,0,NULL
neurosurgeon,nʊrosərdʒən,0,0,NULL
neurosurgeons,nʊrosərdʒənz,0,0,NULL
neurosurgery,nʊrosərdʒəri,0,0,NULL
neuter,nutər,0,0,NULL
neutered,nutərd,0,0,NULL
neutering,nutərɪŋ,0,0,NULL
neutrals,nutrəlz,0,0,NULL
neutrino,nutrino,0,0,NULL
neutron,nutran,0,0,NULL
neutrons,nutranz,0,0,NULL
newfangled,nufæŋgəld,0,0,NULL
newfound,nufawnd,0,0,NULL
newish,nuɪʃ,0,0,NULL
newlywed,nuliwɛd,0,0,NULL
newlyweds,nuliwɛdz,0,0,NULL
newness,nunəs,0,0,NULL
newscast,nuzkæst,0,0,NULL
newscasters,nuzkæstərz,0,0,NULL
newsletters,nuzlɛtərz,0,0,NULL
newsman,nuzmæn,0,0,NULL
newspapermen,nuzpæpərmɛn,0,0,NULL
newsprint,nuzprɪnt,0,0,NULL
newsreel,nuzril,0,0,NULL
newsreels,nuzrilz,0,0,NULL
newsroom,nuzrum,0,0,NULL
newsstand,nuzstænd,0,0,NULL
newsstands,nuzstændz,0,0,NULL
newsworthy,nuzwərði,0,0,NULL
newsy,nuzi,0,0,NULL
newt,nut,0,0,NULL
newts,nuts,0,0,NULL
niagara,najægrə,0,0,NULL
nib,nɪb,0,0,NULL
nibble,nɪbəl,0,0,NULL
nibbled,nɪbəld,0,0,NULL
nibbles,nɪbəlz,0,0,NULL
nibbling,nɪbəlɪŋ,0,0,NULL
nibs,nɪbz,0,0,NULL
niceness,najsnəs,0,0,NULL
nicer,najsər,0,0,NULL
nicest,najsɪst,0,0,NULL
niches,nɪtʃəz,0,0,NULL
nicked,nɪkt,0,0,NULL
nicknames,nɪknemz,0,0,NULL
nicotine,nɪkətin,0,0,NULL
nieces,nisəz,0,0,NULL
nifty,nɪfti,0,0,NULL
nigeria,najdʒɪriə,0,0,NULL
niggardly,nɪgərdli,0,0,NULL
nigh,naj,0,0,NULL
nightlife,najtlajf,0,0,NULL
nightmarish,najtmɛrɪʃ,0,0,NULL
nihilism,najəlɪzəm,0,0,NULL
nil,nɪl,0,0,NULL
nile,najl,0,0,NULL
nils,nɪlz,0,0,NULL
nimble,nɪmbəl,0,0,NULL
nimbly,nɪmbli,0,0,NULL
nimbus,nɪmbəs,0,0,NULL
nincompoop,nɪŋkəmpup,0,0,NULL
ninefold,nɪnfold,0,0,NULL
nines,najnz,0,0,NULL
ninetieth,najntiəθ,0,0,NULL
nineveh,nɪnəvə,0,0,NULL
ninths,najnθs,0,0,NULL
nipped,nɪpt,0,0,NULL
nipper,nɪpər,0,0,NULL
nipping,nɪpɪŋ,0,0,NULL
nipple,nɪpəl,0,0,NULL
nippon,nɪpan,0,0,NULL
nirvana,nɪrvanə,0,0,NULL
nit,nɪt,0,0,NULL
nitpicking,nɪtpɪkɪŋ,0,0,NULL
nitrates,najtrets,0,0,NULL
nitric,najtrɪk,0,0,NULL
nitrogenous,najtradʒənəs,0,0,NULL
nitroglycerine,najtroglɪsərən,0,0,NULL
nitrous,nɪtrəs,0,0,NULL
noah,noə,0,0,NULL
nobility,nobɪləti,0,0,NULL
nobleman,nobəlmən,0,0,NULL
nobler,noblər,0,0,NULL
nobles,nobəlz,0,0,NULL
nobly,nabli,0,0,NULL
nobodies,nobadiz,0,0,NULL
node,nod,0,0,NULL
nodes,nodz,0,0,NULL
nods,nadz,0,0.25,NULL
nodular,nadʒələr,0,0,NULL
nodule,nadʒul,0,0,NULL
nodules,nadʒulz,0,0,NULL
noisier,nɔjziər,0,0,NULL
noisiest,nɔjziəst,0,0,NULL
nomad,nomæd,0,0,NULL
nomadic,nomædɪk,0,0,NULL
nomads,nomædz,0,0,NULL
nominally,namənəli,0,0,NULL
nominates,namənets,0,0,NULL
nominating,namənetɪŋ,0,0,NULL
nominations,naməneʃənz,0,0,NULL
nominees,naməniz,0,0,NULL
nonbeliever,nanbəlivər,0,0,NULL
nonbelievers,nanbəlivərz,0,0,NULL
nonchalance,nanʃəlans,0,0,NULL
nonchalant,nanʃəlant,0,0,NULL
nonchalantly,nanʃəlantli,0,0,NULL
nonconformist,nankənfɔrməst,0,0,NULL
nonconformists,nankənfɔrməsts,0,0,NULL
nonconformity,nankənfɔrməti,0,0,NULL
nonentity,nanɛntəti,0,0,NULL
nonessential,nanəsɛntʃəl,0,0,NULL
nonevent,nanɪvɛnt,0,0,NULL
noninterference,nanɪntərfɪrəns,0,0,NULL
nonintervention,nanɪntərvɛntʃən,0,0,NULL
nonpayment,nanpemənt,0,0,NULL
nonplussed,nanpləst,0,0,NULL
nonsensical,nansɛnsɪkəl,0,0,NULL
nonsmoker,nansmokər,0,0,NULL
nonsmokers,nansmokərz,0,0,NULL
nonsmoking,nansmokɪŋ,0,0,NULL
nonviolence,nanvajələns,0,0,NULL
nonviolent,nanvajələnt,0,0,NULL
noodle,nudəl,0,0,NULL
noodles,nudəlz,0,0,NULL
nook,nʊk,0,0,NULL
nooks,nʊks,0,0,NULL
noons,nunz,0,0,NULL
noose,nus,0,0,NULL
nordic,nɔrdɪk,0,0,NULL
normality,nɔrmæləti,0,0,NULL
normative,nɔrmətɪv,0,0,NULL
norsemen,nɔrsmɛn,0,0,NULL
northbound,nɔrθbawnd,0,0,NULL
northerly,nɔrðərli,0,0,NULL
northernmost,nɔrðərnmost,0,0,NULL
nosed,nozd,0,0,NULL
nosedive,nozdajv,0,0,NULL
nosiness,nozinəs,0,0,NULL
nosing,nozɪŋ,0,0,NULL
nostalgic,nɔstældʒɪk,0,0.285714,NULL
nostril,nastrəl,0,0,NULL
nosy,nozi,0,0,NULL
notables,notəbəlz,0,0,NULL
notary,notəri,0,0,NULL
notation,noteʃən,0,0.285714,NULL
notations,noteʃənz,0,0,NULL
notebook,notbʊk,0,0.142857,NULL
notebooks,notbʊks,0,0,NULL
nothings,nəθɪŋz,0,0,NULL
noticeably,notəsəbli,0,0,NULL
notification,notəfəkeʃən,0,0,NULL
notifications,notəfəkeʃənz,0,0,NULL
notifies,notəfajz,0,0,NULL
notoriety,notərajəti,0,0,NULL
notoriously,notɔriəsli,0,0,NULL
notwithstanding,natwɪθstændɪŋ,0,0,NULL
noun,nawn,0,0,NULL
nourish,nərɪʃ,0,0,NULL
nourishing,nərɪʃɪŋ,0,0,NULL
nourishment,nərɪʃmənt,0,0,NULL
novelistic,navəlɪstɪk,0,0,NULL
novelists,navələsts,0,0,NULL
novices,navəsəz,0,0,NULL
noxious,nakʃəs,0,0,NULL
nu,nu,0,0,NULL
nuance,nuans,0,0,NULL
nucleic,nukleɪk,0,0,NULL
nudes,nudz,0,0,NULL
nudge,nədʒ,0,0,NULL
nudges,nədʒəz,0,0,NULL
nudging,nədʒɪŋ,0,0,NULL
nudist,nudɪst,0,0,NULL
nudity,nudəti,0,0,NULL
nugget,nəgət,0,0,NULL
nuggets,nəgəts,0,0,NULL
nuke,nuk,0,0,NULL
nullification,nələfəkeʃən,0,0,NULL
nullifies,nələfajz,0,0,NULL
nullify,nələfaj,0,0,NULL
nullifying,nələfajɪŋ,0,0,NULL
numbed,nəmd,0,0,NULL
numbingly,nəmɪŋli,0,0,NULL
numeral,numərəl,0,0,NULL
numerals,numərəlz,0,0,NULL
numeric,numɛrɪk,0,0,NULL
numerology,numəralədʒi,0,0,NULL
numismatic,numɪsmætɪk,0,0,NULL
numismatics,numɪsmætɪks,0,0,NULL
nunnery,nənəri,0,0,NULL
nuptial,nəptʃəl,0,0,NULL
nursed,nərst,0,0,NULL
nurseries,nərsəriz,0,0,NULL
nurseryman,nərsərimæn,0,0,NULL
nurserymen,nərsərimən,0,0,NULL
nurtured,nərtʃərd,0,0,NULL
nurtures,nərtʃərz,0,0,NULL
nurturing,nərtʃərɪŋ,0,0,NULL
nutcracker,nətkrækər,0,0,NULL
nutritional,nutrɪʃənəl,0,0,NULL
nutritionally,nutrɪʃənəli,0,0,NULL
nutritionist,nutrɪʃənəst,0,0,NULL
nutritionists,nutrɪʃənəsts,0,0,NULL
nutritious,nutrɪʃəs,0,0,NULL
nutritive,nutrətɪv,0,0,NULL
nutty,nəti,0,0,NULL
nuzzle,nəzəl,0,0,NULL
nylon,najlan,0,0,NULL
nylons,najlanz,0,0,NULL
nymph,nɪmf,0,0,NULL
nymphs,nɪmfs,0,0,NULL
oaks,oks,0,0,NULL
oar,ɔr,0,0,NULL
oars,ɔrz,0,0,NULL
oarsman,ɔrzmən,0,0,NULL
oases,oesiz,0,0,NULL
oasis,oesɪs,0,0,NULL
oat,ot,0,0,NULL
oatmeal,otmil,0,0.2,NULL
obedient,obidiənt,0,0,NULL
obediently,obidiəntli,0,0,NULL
obeys,obez,0,0,NULL
obfuscate,abfəsket,0,0,NULL
obfuscation,abfəskeʃən,0,0,NULL
obituaries,obɪtʃuɛriz,0,0,NULL
obituary,obɪtʃuɛri,0,0,NULL
objecting,əbdʒɛktɪŋ,0,0,NULL
objectionable,əbdʒɛkʃənəbəl,0,0,NULL
objectivity,abdʒɛktɪvəti,0,0,NULL
objector,əbdʒɛktər,0,0,NULL
objectors,əbdʒɛktərz,0,0,NULL
oblate,ablet,0,0,NULL
obligate,abləget,0,0,NULL
obligatory,əblɪgətɔri,0,0,NULL
obliges,əblajdʒəz,0,0,NULL
obliging,əblajdʒɪŋ,0,0,NULL
obligingly,əblajdʒɪŋli,0,0,NULL
oblique,əblik,0,0,NULL
obliquely,oblikli,0,0,NULL
obliterate,əblɪtəret,0,0,NULL
obliterating,əblɪtəretɪŋ,0,0,NULL
oblivious,əblɪviəs,0,0,NULL
oblong,ablɔŋ,0,0,NULL
oboe,obo,0,0,NULL
oboist,oboəst,0,0,NULL
obscenely,absinli,0,0,NULL
obscenity,əbsɛnəti,0,0,NULL
obscures,əbskjʊrz,0,0,NULL
obscuring,əbskjʊrɪŋ,0,0,NULL
observables,əbzərvəbəlz,0,0,NULL
observances,əbzərvənsəz,0,0,NULL
observatories,əbzərvətɔriz,0,0,NULL
obsess,əbsɛs,0,0,NULL
obsessing,əbsɛsɪŋ,0,0,NULL
obsessional,əbsɛʃənəl,0,0,NULL
obsessions,əbsɛʃənz,0,0,NULL
obsessive,əbsɛsɪv,0,0,NULL
obsessively,absɛsɪvli,0,0,NULL
obsidian,əbsɪdiən,0,0,NULL
obsolescence,absəlɛsəns,0,0,NULL
obstetric,əbstɛtrɪk,0,0,NULL
obstetrician,abstətrɪʃən,0,0,NULL
obstetricians,abstətrɪʃənz,0,0,NULL
obstetrics,əbstɛtrɪks,0,0,NULL
obstinacy,abstənəsi,0,0,NULL
obstinate,abstənət,0,0,NULL
obstructing,əbstrəktɪŋ,0,0,NULL
obstruction,əbstrəkʃən,0,0,NULL
obstructionism,əbstrəkʃənɪzəm,0,0,NULL
obstructions,əbstrəkʃənz,0,0,NULL
obstructive,əbstrəktɪv,0,0,NULL
obtains,əbtenz,0,0,NULL
obtrude,əbtrud,0,0,NULL
obtrusive,əbtrusɪv,0,0,NULL
obtuse,abtus,0,0,NULL
obverse,əbvərs,0,0,NULL
obviate,abviet,0,0,NULL
obviating,abvietɪŋ,0,0,NULL
occasioned,əkeʒənd,0,0,NULL
occident,aksədɛnt,0,0,NULL
occipital,aksɪpətəl,0,0,NULL
occult,əkəlt,0,0,NULL
occupancy,akjəpənsi,0,0,NULL
occupier,akjəpajər,0,0,NULL
occupiers,akjəpajərz,0,0,NULL
oceanic,oʃiænɪk,0,0,NULL
oceanographer,oʃənagrəfər,0,0,NULL
oceanography,oʃənagrəfi,0,0,NULL
ocelot,asəlat,0,0,NULL
ochre,okər,0,0,NULL
octagon,aktəgan,0,0,NULL
octagonal,aktægənəl,0,0,NULL
octahedral,aktəhidrəl,0,0,NULL
octahedron,aktəhidrən,0,0,NULL
octane,akten,0,0,NULL
octet,aktɛt,0,0,NULL
octogenarian,aktədʒənɛriən,0,0,NULL
odder,adər,0,0,NULL
oddest,adəst,0,0,NULL
oddity,adəti,0,0,NULL
ode,od,0,0,NULL
odes,odz,0,0,NULL
odin,odən,0,0,NULL
odometer,odamətər,0,0,NULL
odorous,odərəs,0,0,NULL
odour,odər,0,0,NULL
oeuvre,uvrə,0,0,NULL
offbeat,ɔfbit,0,0,NULL
offence,əfɛns,0,0,NULL
offended,əfɛndəd,0,0.166667,NULL
offender,əfɛndər,0,0,NULL
offends,əfɛndz,0,0,NULL
offensively,əfɛnsɪvli,0,0,NULL
offensives,əfɛnsɪvz,0,0,NULL
officialdom,əfɪʃəldəm,0,0,NULL
officiate,əfɪʃiet,0,0,NULL
officiating,əfɪʃietɪŋ,0,0,NULL
offshoot,ɔfʃut,0,0,NULL
ogle,ogəl,0,0,NULL
ogre,ogər,0,0,NULL
ohm,om,0,0,NULL
ohms,omz,0,0,NULL
oiler,ɔjlər,0,0,NULL
oilers,ɔjlərz,0,0,NULL
oilfield,ɔjlfild,0,0,NULL
oilfields,ɔjlfildz,0,0,NULL
oiling,ɔjlɪŋ,0,0,NULL
oilman,ɔjlmæn,0,0,NULL
oilmen,ɔjlmɛn,0,0,NULL
okayed,oked,0,0,NULL
okays,okez,0,0,NULL
oldfashioned,oldfæʃənd,0,0,NULL
oldie,oldi,0,0,NULL
oleander,oliændər,0,0,NULL
olfactory,olfæktəri,0,0,NULL
olives,alɪvz,0,0,NULL
olympia,olɪmpiə,0,0,NULL
olympiad,olɪmpiæd,0,0,NULL
olympian,olɪmpiən,0,0,NULL
olympus,olɪmpəs,0,0,NULL
ombudsman,ambədzmən,0,0,NULL
omega,omɛgə,0,0,NULL
omens,omənz,0,0,NULL
omit,omɪt,0,0,NULL
